area, [ˋɛrɪə] n. 面積
an, [æ n] art. 一
arm, (1) [ɑrm] n. 手臂
able, [ˋeb!] adj. 能，可以
army, [ˋɑrmɪ] n. 軍隊
about, [əˋbaʊt] prep. 關於
around, [əˋraʊnd] adv. / prep. 到處
above, [əˋbʌv] prep. adv. 在…上面
art, [ɑrt] n. 藝術
according to, [əˋkɔrdɪŋ tu] 根據
as, [æ z] prep. adv. conj. 當作、如同
across, [əˋkrɔs] prep. 穿過
ask, [æ sk] vt. 詢問
act, [æ kt] vt. 扮演
at, [æ t] prep. 在…地點
action, [ˋækʃən] n. 行動
August, [ɔˋgʌst] n. 八月
actor, [ˋæktɚ] n.男演員
actress, [ˋæktrɪs] n.女演員
aunt, [æ nt] n.伯母
autumn, [ˋɔtəm] n.秋天
fall, [fɔl] n.秋天
add, [æ d] vt.添加
away, [əˋwe] adv. 隔開
address, [əˋdrɛs] n.地址
baby, [ˋbebɪ] n.嬰兒
adult, [əˋdʌlt] n.成人
back, [bæ k] n. 背部
afraid, [əˋfred] adj. 害怕
bad, [bæ d] adj. 壞的
after, [ˋæftɚ] prep. 在…以後
bag, [bæ g] n. 袋子
afternoon, [ˋæftɚˋnun] n. 午後
ball, [bɔl] n. 球
again, [əˋgɛn] adv. 再
balloon, [bəˋlun] n. 氣球
against, [əˋgɛnst] prep. 反對
banana, [bəˋnænə] n. 香蕉
age, [edʒ] n. 年齡
band, [bæ nd] n. 綁帶
ago, [əˋgo] adv. 在…之前
bank, [bæŋk] n. (1)銀行 (2) 河堤
agree, [əˋgri] vi.同意
agreement, [əˋgrimənt] n.同意
bar, [bɑr] n. 棒；酒吧
ahead, [əˋhɛd] adv. 在前
barber, [ˋbɑrbɚ] n. 理髮師
air, [ɛr] n. 空氣
base, [bes] n. 基底
airmail, [ˋɛr͵mel] n. 航空郵政
baseball, [ˋbes͵bɔl] n. 棒球
airplane, [ˋɛr͵plen] n. 飛機
basic, [ˋbesɪk] adj. 基礎的
airport, [ˋɛr͵port] n. 機場
basket, [ˋbæskɪt] n. 籃子
all, [ɔl] adj. 一切的
basketball, [ˋbæskɪt͵bɔl] n. 籃球
allow, [əˋlaʊ] vt. 允許
bat, [bæ t] n. (1)球棒 (2)蝙蝠
almost, [ˋɔl͵most] adv. 幾乎
bath, [bæθ] n. 沐浴；浴缸
alone, [əˋlon] adj. adv. 單獨的
bathe, [beð] vt. 浸洗
along, [əˋlɔŋ] prep. 沿著
bathroom, [ˋbæθ͵rum] n. 浴室
already, [ɔlˋrɛdɪ] adv. 已經
be, [bi] vi. 是
also, [ˋɔlso] adv. 也
beach, [bitʃ] n. 海灘
always, [ˋɔlwez] adv. 總是
bear, [bɛr] n. (1) 熊
am, [æ m] (第一人稱) vi. 是
beat, [bit] vt. 打、擊
among, [əˋmʌŋ] prep. 在…之中
beautiful, [ˋbjutəfəl] adj. 美麗的
and, [æ nd] conj. 和
beauty, [ˋbjutɪ] n. 美麗
anger, [ˋæŋgɚ] n. 憤怒
because, [bɪˋkɔz] conj. 因為
angry, [ˋæŋgrɪ] adj. 生氣的
become, [bɪˋkʌm] vi. 成為
animal, [ˋænəm!] n. 動物
bed, [bɛd] n. 床
another, [əˋnʌðɚ] adj.另外的
bee, [bi] n. 蜜蜂
answer, [ˋænsɚ] n. / vt. 回答
before, [bɪˋfor] prep. 在…之前
ant, [æ nt] n. 螞蟻
begin, [bɪˋgɪn] vt. 開始
any, [ˋɛnɪ] adj. 任何的
behind, [bɪˋhaɪnd] prep.在…後面
anything, [ˋɛnɪ͵θɪŋ] n. 任何東西
believe, [bɪˋliv] vt. 相信
ape, [ep] n. 大猩猩
bell, [bɛl] n. 鈴
appear, [əˋpɪr] vi. 出現
belong, [bəˋlɔŋ] vi. 屬於
apple, [ˋæp!] n. 蘋果
below, [bəˋlo] prep. 在…下面
April, [ˋeprəl] n. 四月
beside, [bɪˋsaɪd] prep. 在旁邊
are, [ɑr] (第二人稱) vi. 是
best, [bɛst] adj. 最好的
better, [ˋbɛtɚ] adj. 較好的
cap, [kæ p] n. 棒球帽
between, [bɪˋtwin] prep.在…之間
car, [kɑr] n. 汽車
bicycle, [ˋbaɪsɪk!] n.腳踏車
bike, [baɪk] n.腳踏車
card, [kɑrd] n. 紙牌
care, [kɛr] vi. 關心
big, [bɪg] adj. 大的
careful, [ˋkɛrfəl] adj. 小心的
bird, [bɝd] n. 鳥
carry, [ˋkærɪ] vt.(用手)提、搬、扛
birth, [bɝθ] n. 出生
case, [kes] n. (1)箱子 (2)案件
bit, [bɪt] n. 一點
cat, [kæ t] n. 貓
bite, [baɪt] vt. 咬
catch, [kæ tʃ] vt. 接住、抓住
black, [blæ k] adj. 黑色的
cause, [kɔz] n. 原因
block, [blɑk] n. 街區
cent, [sɛnt] n. 分(美元)
blood, [blʌd] n. 血
center, [ˋsɛntɚ] n. 中心
blow, [blo] vt. 吹
certain, [ˋsɝtən] adj. 確切的
blue, [blu] adj. 藍色的
chair, [tʃɛr] n. 椅子
boat, [bot] n. 小船
chance, [tʃæ ns] n. 機會
body, [ˋbɑdɪ] n. 身體
chart, [tʃɑrt] n. 圖表
bone, [bon] n. 骨頭
chase, [tʃes] vt. 追捕
book, [bʊk] (1) n.書 (2) vt.預定
check, [tʃɛk] vt. 檢查
born, [bɔrn] a. 出生的
chick, [tʃɪk] n. 小雞
both, [boθ] adj./adv.兩者都
chicken, [ˋtʃɪkɪn] n. 雞
bottom, [ˋbɑtəm] n. 底部
chief, [tʃif] n. 領袖
bowl, [bol] n. 碗
child, [tʃaɪld] n. 小孩
box, [bɑks] n. 箱子
Christmas, [ˋkrɪsməs] n.聖誕節
boy, [bɔɪ] n. 男孩
church, [tʃɝtʃ] n. 教堂
brave, [brev] adj. 勇敢的
city, [ˋsɪtɪ] n. 城市
bread, [brɛd] n. 麵包
class, [klæ s] n. 班級、等級
break, [brek] vt. 打破
clean, [klin] a. 乾淨的
breakfast, [ˋbrɛkfəst] n. 早餐
clear, [klɪr] adj. 清晰的
bridge, [brɪdʒ] n. 橋
climb, [klaɪm] vi. /vt. 爬
bright, [braɪt] adj. 明亮的
clock, [klɑk] n. 時鐘
bring, [brɪŋ] vt. 帶來
close, [klos] (1) adj. 接近的 (2) vt. 關
brother, [ˋbrʌðɚ] n. 兄弟
cloud, [klaʊd] n. 雲
brown, [braʊn] adj. 褐色
coast, [kost] n. 海岸
bug, [bʌg] n. 蟲子
coat, [kot] n. 大衣
build, [bɪld] vt. 建造
cocoa, [ˋkoko] n. 可可豆
building, [ˋbɪldɪŋ] n. 建築物
coffee, [ˋkɔfɪ] n. 咖啡
bus, [bʌs] n. 巴士
cola, [ˋkolə] n.可樂
Coke, [kok] n.可樂
busy, [ˋbɪzɪ] adj. 忙碌的
cold, [kold] adj. 冷的
but, [bʌt] conj. 但是
color, [ˋkʌlɚ] n. 顏色
butter, [ˋbʌtɚ] n. 奶油
come, [kʌm] vi. 來
butterfly, [ˋbʌtɚ͵flaɪ] n. 蝴蝶
common, [ˋkɑmən] adj. 普通的
buy, [baɪ] vt. 買
continue, [kənˋtɪnjʊ] vi.繼續
by, [baɪ] prep. 透過；在…旁邊
cook, [kʊk] vt. 煮
cage, [kedʒ] n. 獸籠
cookie, [ˈkʊki] n. 餅乾 (=cooky)
cake, [kek] n. 蛋糕
cool, [kul] adj. 酷的
call, [kɔl] vt. 呼叫
corn, [kɔrn] n. 玉米
camel, [ˋkæm!] n. 駱駝
correct, [kəˋrɛkt] adj. 正確的
camera, [ˋkæmərə] n. 照相機
cost, [kɔst] vi. /n. 花費
camp, [kæ mp] n. 營地
count, [kaʊnt] vt. 計算
can, [kæ n] (1) aux.可以 (2) n.罐頭
country, [ˋkʌntrɪ] n. 國家
candy, [ˋkændɪ] n.糖果
sweet, [swit] n.糖果
course, [kors] n. 路線
cover, [ˋkʌvɚ] vt. 覆蓋
driver, [ˋdraɪvɚ] n. 司機
cow, [kaʊ] n. 母牛
dry, [draɪ] adj. 乾的
cowboy, [ˋkaʊbɔɪ] n. 牛仔
duck, [dʌk] n. 鴨子
crow, [kro] n. (1) 烏鴉；啼叫聲
duckling, [ˋdʌklɪŋ] n.小鴨
cry, [kraɪ] vi. 哭
during, [ˋdjʊrɪŋ] prep. 在…期間
cub, [kʌb] n. 幼獸
each, [itʃ] adj. 每個
cup, [kʌp] n. 杯子
eagle, [ˋig!] n. 老鷹
cut, [kʌt] vt. 切、剪
ear, [ɪr] n. 耳朵
cute, [kjut] adj. 可愛的
early, [ˋɝlɪ] adj. 早的
daddy, [ˋdædɪ] n.爸爸
dad, [dæd] n.爸爸
papa, [ˋpɑpə] n.爸爸
pa, [pɑ] n.爸爸
pop, [pɑp] n.爸爸
earth, [ɝθ] n. 地球
ease, [iz] n. 容易
east, [ist] n. 東
dance, [dæ ns] vi. 跳舞
easy, [ˋizɪ] adj. 容易的
dancer, [ˋdænsɚ] n. 舞蹈家
eat, [it] vt. 吃
danger, [ˋdendʒɚ] n. 危險
edge, [ɛdʒ] n. 邊緣
dark, [dɑrk] adj. 黑暗的
egg, [ɛg] n. 蛋
date, [det] n. 日期
eight, [et] n. 八
daughter, [ˋdɔtɚ] n. 女兒
eighteen, [ˋeˋtin] n. 十八
day, [de] n. 一天
eighty, [ˋetɪ] n. 八十
dead, [dɛd] adj. 死的
either, [ˋiðɚ] (1) adj.任一的 (2) adv.也
deal, [dil] vi. 處理
elephant, [ˋɛləfənt] n. 大象
dear, [dɪr] adj. 親愛的
eleven, [ɪˋlɛvn] n. 十一
death, [dɛθ] n. 死亡
else, [ɛls] adv. 其他
December, [dɪˋsɛmbɚ] n.十二月
end, [ɛnd] n. 最後
decide, [dɪˋsaɪd] vt.決定
English, [ˋɪŋglɪʃ] n.英文、英國的
deep, [dip] adj. 深的
enough, [əˋnʌf] adj. adv. 足夠的
deer, [dɪr] n. 鹿
enter, [ˋɛntɚ] vt. 進入
desk, [dɛsk] n. 桌子
equal, [ˋikwəl] adj. 相等的
die, [daɪ] vi. 死
even, [ˋivən] (1) adv.甚至 (2) adj.偶數的
different, [ˋdɪfərənt] adj. 不同的
evening, [ˋivnɪŋ] n. 傍晚
difficult, [ˋdɪfə͵kəlt] adj. 困難的
ever, [ˋɛvɚ] adv. 從來
dig, [dɪg] vt. 挖
every, [ˋɛvrɪ] adj. 每個
dinner, [ˋdɪnɚ] n. 晚餐
examination, [ɪg͵zæməˋneʃən] n.考試
exam, [ɪgˋzæm] n.考試
direct, [dəˋrɛkt] vt. 指揮
dirty, [ˋdɝtɪ] adj. 髒的
examine, [ɪgˋzæmɪn] vt. 檢查
discover, [dɪsˋkʌvɚ] vt. 發現
example, [ɪgˋzæmp!] n. 例子
dish, [dɪʃ] n. 碟
except, [ɪkˋsɛpt] prep.除了…之外
do, [du] vt. 做
eye, [aɪ] n. 眼睛
doctor, [ˋdɑktɚ] n. 醫生 (=doc)
face, [fes] n. 臉
dog, [dɔg] n. 狗
fact, [fæ kt] n. 事實
doll, [dɑl] n. 玩偶
factory, [ˋfæktərɪ] n. 工廠
dollar, [ˋdɑlɚ] n.元
buck, [bʌk] n.元
fall, [fɔl] vi. 落下
door, [dor] n. 門
false, [fɔls] adj. 錯誤的
dove, [dʌv] n. 鴿子
family, [ˋfæməlɪ] n. 家庭
down, [daʊn] adv. 向下
fan, [fæ n] n. (1)扇子
downstairs, [͵daʊnˋstɛrz] adj. adv.樓下的
far, [fɑr] adj. adv. 遠的
dozen, [ˋdʌzn] n. 一打
farm, [fɑrm] n. 農場
draw, [drɔ] vt. 畫
farmer, [ˋfɑrmɚ] n. 農夫
dream, [drim] n. 夢
fast, [fæ st] adj. adv. 快的
drink, [drɪŋk] vt. 喝
fat, [fæ t] adj. 肥胖的
drive, [draɪv] vt. 開車
father, [ˋfɑðɚ] n. 父親
fear, [fɪr] n. 恐懼
general, [ˋdʒɛnərəl] (1) adj.一般的
February, [ˋfɛbrʊ͵ɛrɪ] n.二月
get, [gɛt] vt. 獲得
feed, [fid] vt. 餵食
ghost, [gost] n. 幽靈
feel, [fil] n. vt. 觸摸；感覺
gift, [gɪft] n. 禮物
feeling, [ˋfilɪŋ] n. 感覺；看法
girl, [gɝl] n. 女孩
feelings, [ˋfilɪŋs] n. 感情；心情
give, [gɪv] vt. 給
few, [fju] adj. 很少的
glad, [glæ d] adj. 高興的
fifteen, [ˋfɪfˋtin] n.十五
glass, [glæ s] n. 玻璃
fifty, [ˋfɪftɪ] n. 五十
glasses, [ˋglæsɪz] n. 眼鏡
fight, [faɪt] vi. 打架
go, [go] vi. 去
fill, [fɪl] vt. 填滿
god, [gɑd] n.神
goddess, [ˋgɑdɪs] n.女神
final, [ˋfaɪn!] adj. 最後的
gold, [gold] n. 黃金
find, [faɪnd] vt. 尋找
good, [gʊd] adj. 好的
fine, [faɪn] (1) adj.美好的；健康的 (2) n.罰金 v. 使純；處以罰金
goodbye, [ˌgʊdˈbaɪ] n. 再見
finger, [ˋfɪŋgɚ] n. 手指
goose, [gus] n. 鵝
finish, [ˋfɪnɪʃ] vt. 完成
grand, [græ nd] adj. 雄偉的
fire, [faɪr] (1) n.火 vt. vi. 開火 (2) vt.開除
grandchild, [ˋgrænd͵tʃaɪld]n. 孫子女
first, [fɝst] adj. 第一的
granddaughter, [ˋgræn͵dɔtɚ] n 孫女
fish, [fɪʃ] n. 魚
grandfather, [ˋgrænd͵fɑðɚ] n 爺爺
grandpa, [ˋgrænd͵fɑðɚ] n 爺爺
five, [faɪv] n. 五
floor, [flor] n. 地板
grandmother, [ˋgrænd͵mʌðɚ] n.奶奶
grandma, [ˋgrændmɑ] n.奶奶
flower, [ˋflaʊɚ] n. 花
fly, [flaɪ] (1) n.蒼蠅 (2) vi.飛
grandson, [ˋgrænd͵sʌn] n.孫子
fog, [fɑg] n. 霧
grass, [græ s] n. 草
follow, [ˋfɑlo] vt. 跟隨
gray, [gre] adj. 灰色的 (=grey)
food, [fud] n. 食物
great, [gret] adj. 極好的
foot, [fʊt] n. 腳
green, [grin] adj. 綠色的
for, [fɔr] prep. 為了
ground, [graʊnd] n. 地面
force, [fors] n. 力量
group, [grup] n. 群組
foreign, [ˋfɔrɪn] adj. 外國的
grow, [gro] vi. 生長
forest, [ˋfɔrɪst] n. 森林
guess, [gɛs] vt. 猜測
forget, [fɚˋgɛt] vt. 忘記
guest, [gɛst] n. 客人
fork, [fɔrk] n. 叉子
guide, [gaɪd] n. 導遊
forty, [ˋfɔrtɪ] n. 四十
gun, [gʌn] n. 槍
four, [for] n. 四
hair, [hɛr] n. 毛髮
fourteen, [ˋforˋtin] n. 十四
haircut, [ˋhɛr͵kʌt] n. 理髮
free, [fri] adj. 自由的
half, [hæ f] n. 一半
fresh, [frɛʃ] adj. 新鮮的
ham, [hæ m] n. 火腿
Friday, [ˋfraɪ͵de] n.星期五
hand, [hæ nd] n. 手
friend, [frɛnd] n. 朋友
happen, [ˋhæpən] vi. 發生
frog, [frɑg] n. 青蛙
happy, [ˋhæpɪ] adj. 高興的
from, [frɑm] prep. 從
hard, [hɑrd] adj. 堅硬的 adv. 努力地
front, [frʌnt] n. 前面
hat, [hæ t] n. 帽子
fruit, [frut] n. 水果
hate, [het] vt. 討厭
full, [fʊl] adj. 滿的
have, [hæ v] vt. 擁有
fun, [fʌn] n. 樂趣
he, [hi] n. 他
funny, [ˋfʌnɪ] adj. 有趣的
head, [hɛd] n. 頭
game, [gem] n. 遊戲
health, [hɛlθ] n. 健康
garden, [ˋgɑrdn] n. 花園
hear, [hɪr] vt. 聽見
gas, [gæ s] n. 汽油
heart, [hɑrt] n. 心臟
heat, [hit] vt. 使…加熱
jump, [dʒʌmp] vi. 跳
heavy, [ˋhɛvɪ] adj. 重的
June, [dʒun] n. 六月
hello, [həˋlo] n. 嗨
just, [dʒʌst] (1) adj.正直的 (2) adv. 只是
help, [hɛlp] vt. 幫助
keep, [kip] vt. 保有
hers, [hɝs] pron. 她的
keeper, [ˋkipɚ] n. 管理者
here, [hɪr] adv. 這裡
key, [ki] (1) n.鑰匙 vt.鍵入 (2) adv.關鍵的
high, [haɪ] adj. 高的
kick, [kɪk] vt. 踢
hill, [hɪl] n. 小山
kid, [kɪd] n. 小孩
him, [hɪm] pron. 他(受格)
kill, [kɪl] vt. 殺死
his, [hɪz] pron. 他的
kind, [kaɪnd] (1) adj.善良 (2) n.種類
history, [ˋhɪstərɪ] n. 歷史
king, [kɪŋ] n. 國王
hit, [hɪt] vt. 打；擊中
kiss, [kɪs] vt. 吻
hold, [hold] vt. 握著
kitchen, [ˋkɪtʃɪn] n. 廚房
hole, [hol] n. 洞
kite, [kaɪt] n. 風箏
holiday, [ˋhɑlə͵de] n. 假日
kitten, [ˋkɪtn] n.小貓
kitty, [ˋkɪtɪ] n.小貓
home, [hom] n. 家
knee, [ni] n. 膝蓋
homework, [ˋhom͵wɝk] n.家庭作業
knife, [naɪf] n. 刀
hope, [hop] vt. 希望
know, [no] vt. 知道
horse, [hɔrs] n. 馬
lack, [læ k] vt. 缺少
hot, [hɑt] adj. 熱的
lady, [ˋledɪ] n. 女士
hour, [aʊr] n. 小時
lake, [lek] n. 湖泊
house, [haʊs] n. 房子
lamb, [læ m] n. 小羊
how, [haʊ] adv.如何
lamp, [læ mp] n. 燈
huge, [hjudʒ] adj. 巨大的
land, [læ nd] (1) n.陸地 (2) vt. vi. (使)降落
human, [ˋhjumən] n. 人類
large, [lɑrdʒ] adj. 寬的
hundred, [ˋhʌndrəd] n. 一百
last, [læ st] (1) adj. 最後的 (2) vi.持續
hungry, [ˋhʌŋgrɪ] adj. 飢餓的
late, [let] adj. 遲的
hurt, [hɝt] vt. vi. n. (使)受傷
laugh, [læ f] vi. 笑
husband, [ˋhʌzbənd] n. 丈夫
law, [lɔ] n. 法律
I, [aɪ] n. (主格)我
lay, [le] vt. 放；下蛋
ice, [aɪs] n. 冰
lazy, [ˋlezɪ] adj. 懶散的
idea, [aɪˋdiə] n. 主意
lead, [lid] (1) n. 領先；線索
if, [ɪf] conj. 如果
leader, [ˋlidɚ] n. 領袖
important, [ɪmˋpɔrtnt] adj. 重要的
leaf, [lif] n. 葉子
in, [ɪn] prep. 在…裡面
learn, [lɝn] vt. 學習
inch, [ɪntʃ] n. 英吋
least, [list] adj. 最小的
inside, [ˋɪnˋsaɪd] n. 內部
leave, [liv] vt. 離開
interest, [ˋɪntərɪst] n. 興趣
left, [lɛft] adj. 左方的
into, [ˋɪntu] prep. 到…裡
leg, [lɛg] n. 腿
iron, [ˋaɪɚn] n. 鐵
less, [lɛs] adj. 較少的
is, [ɪz] vi. (第三人稱)是
lesson, [ˋlɛsn] n. 一課
it, [ɪt] pron. 它
let, [lɛt] vt. 讓
its, [ɪts] pron. 它的
letter, [ˋlɛtɚ] n. (1)信件 (2)字母
jam, [dʒæ m] n. (1) 堵塞；果醬
level, [ˋlɛv!] n. 階級
January, [ˋdʒæ njʊ͵ɛrɪ] n. 一月
lie, [laɪ] vi. 躺
job, [dʒɑb] n. 工作
life, [laɪf] n. 生命
join, [dʒɑb] vt. 參加
lift, [lɪft] vt. 舉起
joke, [dʒok] n. 玩笑
light, [laɪt] (1) n.光 vt. vi.照亮 adj. 明亮的 (2) adj. 淺色的；輕的
joy, [dʒɔɪ] n. 歡樂
juice, [dʒus] n. 果汁
like, [laɪk] (1) prep.像 (2) vt.喜歡
July, [dʒuˋlaɪ] n. 七月
likely, [ˋlaɪklɪ] adj. 很可能的
lily, [ˋlɪlɪ] n. 百合
month, [mʌnθ] n. 月
line, [laɪn] n. 線
moon, [mun] n. 月亮
lion, [ˋlaɪən] n. 獅子
more, [mor] adj. adv. pron. 更多(的)
lip, [lɪp] n. 嘴唇
morning, [ˋmɔrnɪŋ] n. 早晨
list, [lɪst] n. 表單
most, [most] adj. adv. pron. 最多(的)
listen, [ˋlɪsn] vt. 聽
mother, [ˋmʌðɚ] n. 媽媽
little, [ˋlɪt!] adj. 小的 adv. 少
mountain, [ˋmaʊntn] n. 山
live, (1) [laɪv] adj.活的 (2) [lɪv] vi.活著
mouse, [maʊs] n. 老鼠
long, [lɔŋ] (1) adj.長的 (2) vi.渴望
mouth, [maʊθ] n. 嘴巴
look, [lʊk] vi. vt. 看
movement, [muvmənt] vi. 動作
lot, [lɑt] n. 很多；籤；一塊地
movie, n.電影 (=cinema)
loud, [laʊd] adj. 大聲的
love, [lʌv] vt. n. 愛
Mr., [ˋmɪstɚ] n. 先生
low, [lo] adj. 低的
Mrs., [ˋmɪsɪz] n. 太太
lucky, [ˋlʌkɪ] adj. 幸運的
Ms., [mɪz] n.女士(婚姻狀況不明)
lunch, [lʌntʃ] n. 午餐
luncheon, [ˋlʌntʃən] n. 午餐
much, [mʌtʃ] adj. adv. pron. 許多(的)
mud, [mʌd] n. 泥巴
machine, [məˋʃin] n. 機器
mug, [mʌg] n. 大杯子
mad, [mæ d] adj. 發飆的
music, [ˋmjuzɪk] n. 音樂
mail, [mel] n. 郵件
must, [mʌst] aux. 必須
make, [mek] vt. 做
my, [maɪ] pron. 我的
man, [mæ n] n. 男人
name, [nem] n. 名字
many, [ˋmɛnɪ] adj. 許多的
nation, [ˋneʃən] n. 國家
map, [mæ p] n. 地圖
nature, [ˋnetʃɚ] n. 大自然
March, [mɑrtʃ] n. 三月
near, [nɪr] adj. adv. prep. 近(…的)
market, [ˋmɑrkɪt] n. 市場
neck, [nɛk] n. 脖子
marry, [ˋmærɪ] vt. 嫁娶
need, [nid] vt. 需要
master, [ˋmæstɚ] (1) n. 主人(2) vt. 精通
never, [ˋnɛvɚ] adv. 從不
match, [mæ tʃ] n. (1) 比賽
new, [nju] adj. 新的
matter, [ˋmætɚ] (1) n.事件 (2) vi.重要
news, [njuz] n. 新聞
May, [me] n. 五月
newspaper, [ˋnjuz͵pepɚ] n. 報紙
may, [me] aux. 可能
next, [ˋnɛkst] adj. adv. prep. 緊接在後的
maybe, [ˋmebɪ] adv. 或許
nice, [naɪs] adj. 好的
me, [mi] pron. (受格)我
night, [naɪt] n. 晚上
mean, [min] (1) vt.表…意思 (2) adj.吝嗇
nine, [naɪn] n. 九
meat, [mit] n. 肉
nineteen, [ˋnaɪnˋtin] n. 十九
meet, [mit] vt. 遇見
ninety, [ˋnaɪntɪ] n. 九十
middle, [ˋmɪd!] adj. 中間的
no, [no] adv.不是
nope, [nop] adv.不是
mile, [maɪl] n. 英里
noise, [nɔɪz] n. 噪音
milk, [mɪlk] n. 牛奶
noisy, [ˋnɔɪzɪ] adj. 喧鬧的
mind, [maɪnd] n. 心智
noon, [nun] n. 中午
minute, [ˋmɪnɪt] n. 分鐘
nor, [nɔr] conj.（用在 neither 之後）也不
Miss, [mɪs] n. 小姐
north, [nɔrθ] n. 北
miss, [mɪs] vt. 想念
nose, [noz] n. 鼻子
mistake, [mɪˋstek] n. 錯誤
not, [nɑt] adv. 不
moment, [ˋmomənt] n. 瞬間
note, [not] n. 筆記
mommy, [ˋmɑmɪ] n.媽媽
momma, [ˋmɑmə] n.媽媽
mom, [mɑm] n.媽媽
nothing, [ˋnʌθɪŋ] n. 沒什麼
notice, [ˋnotɪs] vt. 注意
Monday, [ˋmʌnde] n.星期一
November, [noˋvɛmbɚ] n.11 月
money, [ˋmʌnɪ] n. 錢
now, [naʊ] adv. 現在
monkey, [ˋmʌŋkɪ] n. 猴子
number, [ˋnʌmbɚ] n. 數字
nurse, [nɝs] n. 護士
pig, [pɪg] n. 豬
okay, [ˋoˋke] adj. adv.可以 (=O.K./OK)
place, [pɪg] n. 地方
ocean, [ˋoʃən] n. 海洋
plan, [plæ n] n. 計畫
o'clock, [əˋklɑk] n. …點鐘
plant, [plæ nt] (1) n.植物 (2) vt.栽種 n. 工廠
October, [ɑkˋtobɚ] n. 十月
play, [ple] vi. 玩耍
of, [ɑv] prep. …的；屬於
player, [ˋpleɚ] n. 遊戲的人
off, [ɔf] adv. prep. adj. 離開(…)
playground, [ˋple͵graʊnd] n.操場
office, [ˋɔfɪs] n. 辦公室
please, [pliz] vt. 使高興
officer, [ˋɔfəsɚ] n. 公務員
pocket, [ˋpɑkɪt] n. 口袋
often, [ˋɔfən] adv. 常常
poetry, [ˋpoɪtrɪ] n. 詩(總稱)
oil, [ɔɪl] n. 油
point, [pɔɪnt] (1) vi.指向 (2) n.尖端
old, [old] adj. 老的
police, [pəˋlis] n. 警察
on, [ɑn] prep. 在…上
policeman, [pəˋlismən] n.警察
cop, [kɑp] n.警察
once, [wʌns] adv. 一次；一旦
one, [wʌn] n. 一
pond, [pɑnd] n. 池塘
only, [ˋonlɪ] adj. 唯一的
pool, [pul] n. 水池
open, [ˋopən] adj. 打開的
poor, [pʊr] adj. 貧窮的
or, [ɔr] conj. 或者
popcorn, [ˋpɑp͵kɔrn] n. 爆米花
orange, [ˋɔrɪndʒ] n. 柳橙
position, [pəˋzɪʃən] n. 位置
order, [ˋɔrdɚ] n. 順序
possible, [ˋpɑsəb!] adj. 可能的
other, [ˋʌðɚ] adj. 其餘的
power, [ˋpaʊɚ] n. 力量
ours, [ˋaʊrz] pron. 我們的
practice, [ˋpræktɪs] vt.練習
out, [aʊt] prep. 在外
prepare, [prɪˋpɛr] vt. 準備
outside, [ˋaʊtˋsaɪd] n. 外面
pretty, [ˋprɪtɪ] (1) adj.漂亮的 (2) adv.非常
over, [ˋovɚ] prep. 在…之上 adv. 在上方 adj. 結束的
price, [praɪs] n. 價格
print, [prɪnt] vt. 印
own, [on] adj. 自己的 vt. 擁有
problem, [ˋprɑbləm] n. 問題
page, [pedʒ] n. 頁
prove, [pruv] vt. 證明
paint, [pent] vt. 塗
public, [ˋpʌblɪk] adj. 公眾的
pair, [pɛr] n. 一對
pull, [pʊl] vt. 拉；拖
pants, [pæ nts] n. 褲子
trousers, [ˋtraʊzɚz] 
purple, [ˋpɝp!] adj. 紫色的
purpose, [ˋpɝpəs] n. 目的
paper, [ˋpepɚ] n. 紙
push, [pʊʃ] vt. 推
parent, [ˋpɛrənt] n. 雙親之一
put, [pʊt] vt. 放
park, [pɑrk] (1) n. 公園 (2) vt. vi. 停車
queen, [ˋkwin] n. 女王
part, [pɑrt] (1) n.一部分(2) vt.使分開
question, [ˋkwɛstʃən] n. 問題
party, [ˋpɑrtɪ] n. 派對
quick, [kwɪk] adj. adv.快(的)
pass, [pæ s] vi. vt. 經過
quiet, [ˋkwaɪət] adj. 安靜的
past, [pæ st] (1)prep.經過(2)n.往昔 adj.過去的
quite, [kwaɪt] adv. 相當；很
pay, [ˋpe(mənt)] vt. vi. n.支付；薪水
race, [res] (1) vt. vi. n.競賽 (2) n. 種族
radio, [ˋredɪ͵o] n. 收音機
pen, [pɛn] n. 筆
railroad, [ˋrel͵rod] n. 鐵路
pencil, [ˋpɛns!] n. 鉛筆
rain, [ren] n. 雨
people, [ˋpip!] n. 人們
rainbow, [ˋren͵bo] n. 彩虹
perhaps, [pɚˋhæps] adv. 大概
raise, [rez] vt. 舉起
person, [ˋpɝsn] n. 人
rat, [ræ t] n. 老鼠
pet, [pɛt] n. 寵物
reach, [ritʃ] vt. vi. 抵達；伸出手或腳
piano, [pɪˋæno] n. 鋼琴
read, [rid] vt. 閱讀
picture, [ˋpɪktʃɚ] n. 圖像
ready, [ˋrɛdɪ] adj. 準備好的
pie, [paɪ] n. 派
real, [ˋriəl] adj. 真的：衷心的
piece, [pis] n. 一片
reason, [ˋrizn] n. 理由
receive, [rɪˋsiv] vt. 接收
seem, [sim] vi. 似乎
red, [rɛd] adj. 紅色的
seesaw, [ˋsi͵sɔ] n. 蹺蹺板
remember, [rɪˋmɛmbɚ] vt. vi. 記得
self, [sɛlf] n. 自己
report, [rɪˋport] n. 報告
selfish, [ˋsɛlfɪʃ] adj. 自私的
rest, [rɛst] vi. 休息
sell, [sɛl] vt. 賣
return, [rɪˋtɝn] vt. vi. 返回
send, [sɛnd] vt. 發送：寄
rice, [raɪs] n. 米
sense, [sɛns] n. 感官；感覺
rich, [rɪtʃ] adj. 有錢的
sentence, [ˋsɛntəns] n. 句子
ride, [raɪd] vt. 騎乘
September, [sɛpˋtɛmbɚ] n. 九月
right, [raɪt] (1) n. adj.右邊(的) (2) n.正確
serve, [sɝv] vt. 為…服務
ring, [rɪŋ] n. (1) v. n. 搖鈴；鳴響 (2) v. n. 打電話 n. 戒指
service, [ˋsɝvɪs] n. 服務
set, [sɛt] (1) vt.設立 (2) n.一套
rise, [raɪz] vi. 上升
seven, [ˋsɛvn] n. 七
river, [ˋrɪvɚ] n. 河
seventeen, [͵sɛvnˋtin] n. 十七
road, [rod] n. 道路
seventy, [ˋsɛvntɪ] n. 七十
robot, [ˋrobət] n. 機器人
several, [ˋsɛvərəl] adj. 幾個的
rock, [rɑk] (1) n. 岩石
shake, [ʃek] vt. 搖動
roll, [rol] vi. 滾動
shall, [ʃæ l] aux. 將：會
roof, [ruf] n. 屋頂
shape, [ʃep] n. 形狀
room, [rum] n. 房間
shark, [ˋʃɑrk] n. 鯊魚
rooster, [ˋrustɚ] n. 公雞
sharp, [ʃɑrp] adj. 尖銳的
root, [rut] n. 根
she, [ʃi] pron. (主格)她
rope, [rop] n. 繩子
sheep, [ʃip] n. 綿羊
rose, [roz] n. 玫瑰
sheet, [ʃit] n. 一張
round, [raʊnd] adj. 圓的
shine, [ʃaɪn] vi. 發光 vt. 擦亮 n. 光亮
row, [ro] (1) n.列；排 (2) vt.划船
ship, [ʃɪp] n. 船
rub, [rʌb] vt. 摩擦
shirt, [ʃɝt] n. 襯衫
rubber, [ˋrʌbɚ] n. 橡膠
shoe, [ʃu] n. 鞋子
rule, [rul] n. 規則
shop, [ʃɑp] (1) store[stor] n. 商店
run, [rʌn] vi. 跑
shop, [ʃɑp] n. 商店 (2) vi. 購物
sad, [sæ d] adj. 悲哀的
shore, [ʃɔr] n. 海濱
safe, [sef] (1) adj.安全的 (2) n.保險櫃
short, [ʃɔrt] adj. 短的；矮的
sail, [sel] vi. vt. 航行
shot, [ʃɑt] vt. 射擊
sale, [sel] n. 賣
shoulder, [ˋʃoldɚ] n. 肩膀
salt, [sɔlt] n. 鹽巴
shout, [ʃaʊt] vi. 呼喊
same, [sem] adj. 同樣的
show, [ʃo] vt. n. 顯示；演出
sand, [sæ nd] n. 沙子
shut, [ʃʌt] vt. 關上
Saturday, [ˋsætɚde] n.星期六
shy, [ʃaɪ] adj. 害羞的
save, [sev] vt. 挽救；儲存
sick, [sɪk] adj. 生病的
saw, [sɔ] n. 鋸子
side, [saɪd] n. 邊；面
say, [se] vt. 說
sight, [saɪt] n. 視界
scare, [skɛr] vt. 使恐懼
silly, [ˋsɪlɪ] adj. 愚蠢的
scene, [sin] n. 場景
silver, [ˋsɪlvɚ] n. 銀
school, [skul] n. 學校
simple, [ˋsɪmp!] adj. 簡單的
sea, [si] n. 海洋
since, [sɪns] prep. conj. 此後；因為
season, [ˋsizn] n. 季節
sing, [sɪŋ] vi. 唱歌
seat, [sit] n. 座位
singer, [ˋsɪŋɚ] n. 歌手
second, [ˋsɛkənd] (1) adj. n. 第二(的) (2) n.秒
sir, [sɝ] n. 先生
sister, [ˋsɪstɚ] n. 姊妹
see, [si] vt. 看見
sit, [sɪt] vi. 坐下
seed, [sid] n. 種子
six, [sɪks] n. 六
sixteen, [ˋsɪksˋtin] n. 十六
stay, [ste] vi. 停留
sixty, [ˋsɪkstɪ] n.十六
step, [stɛp] n. 腳步
size, [saɪz] n. 尺寸
still, [stɪl] (1) adj.靜止的 (2) adv.仍舊
skill, [ˋskɪl] n. 技術
stone, [ston] n. 石頭
skin, [skɪn] n. 皮膚
stop, [stɑp] vt. 停止
sky, [skaɪ] n. 天空
store, [stor] vt. 儲藏
sleep, [slip] vi. 睡覺
story, [ˋstorɪ] n. (1) 故事 (2) 樓層
slow, [slo] adj. 緩慢的
strange, [strendʒ] adj. 奇怪的
small, [smɔl] adj. 小的
street, [strit] n. 街道
smart, [smɑrt] adj. 聰明的
strong, [strɔŋ] adj. 強壯的
smell, [smɛl] vt. n. 聞
student, [ˋstjudnt] n. 學生
smile, [smaɪl] vi. n. 微笑
study, [ˋstʌdɪ] (1) n. 學習 (2) vt. vi. 研究
smoke, [smok] n. 煙 vt. 抽(菸) vi. 冒煙
stupid, [ˋstjupɪd] adj. 愚笨的
snake, [snek] n. 蛇
such, [sʌtʃ] adj. 如此的
snow, [sno] n. 雪
sugar, [ˋʃʊgɚ] n. 糖
so, [so] (1) conj.所以 (2) adv.非常
summer, [ˋsʌmɚ] n. 夏天
soap, [sop] n. 肥皂
sun, [sʌn] n. 太陽
soda, [ˋsodə] n. 蘇打
Sunday, [ˋsʌnde] n. 星期日
sofa, [ˋsofə] n. 沙發
super, [ˋsupɚ] adj. 極度的
soft, [sɔft] adj. 柔軟的
supper, [ˋsʌpɚ] n. 晚餐
soil, [sɔɪl] n. 土壤
sure, [ʃʊr] adj. 確信的 adv.當然
some, [sʌm] adj. 某些
surprise, [sɚˋpraɪz] vt. 使吃驚
someone, [ˋsʌm͵wʌn] pron. 某人
sweet, [swit] adj. 甜蜜的
something, [ˋsʌmθɪŋ] pron.某事
swim, [swɪm] vi. 游泳
sometimes, [ˋsʌm͵taɪmz] pron.有時候
table, [ˋteb!] n. 桌子
son, [sʌn] n. 兒子
tail, [tel] n. 尾巴
song, [sɔŋ] n. 歌
take, [tek] vt. 拿；取；握
soon, [sun] adv. 不久
tale, [tel] n. 故事
sorry, [ˋsɑrɪ] adj. 感到難過的 int. 抱歉
talk, [tɔk] vi. 講話
soul, [sol] n. 靈魂
tall, [tɔl] adj. 高大的
sound, [saʊnd] (1) n.聲音 (2) vt. vi. (使) 響起 vi.聽起來
taste, [test] vt. vi. 嚐
taxicab, [ˋtæksɪ͵kæ b] n. 計程車
soup, [sup] n. 湯
sour, [ˋsaʊr] adj. 酸的
tea, [ti] n. 茶
south, [saʊθ] n. 南
teach, [titʃ] vt. vi. 教授
space, [spes] n. 空間
teacher, [ˋtitʃɚ] n. 教師
speak, [spik] vi. vt. 說話
tell, [tɛl] vt. 告訴；分辨
special, [ˋspɛʃəl] adj. 特別的
ten, [tɛn] n. 十
speech, [spitʃ] n. 演說
than, [ðæ n] conj. 比 prep. 超過
spell, [spɛl] vt. 拼寫
thank, [θæŋk] vt. 感謝
spend, [spɛnd] vt. 花費
that, [ðæ t] pron. adj. 那個
spoon, [spun] n. 湯匙
the, [ðə] art. 這(個)
sport, [sport] n. 運動
theirs, [ðɛrz] pron. 他們的
spring, [sprɪŋ] n. (1) 春天
them, [ðɛm] pron. 他們
stair, [stɛr] n. 階梯
then, [ðɛn] adv. n. 那時
stand, [stæ nd] vi. 站著
there, [ðɛr] adv. n. (在)那裡 int. 好啦!
star, [stɑr] n. 星星
these, [ðiz] pron. adj. 這些
start, [stɑrt] vi. vt. 開始
they, [ðe] pron. 他們
state, [stet] (1) n. 狀態；國家
thing, [θɪŋ] n. 物品
state, [ˋstet]  vt.陳述
statement, [ˋstetmənt] n.陳述
think, [θɪŋk] vi. vt. 想
station, [ˋsteʃən] n. 車站
third, [θɝd] adj. 第三的
thirteen, [ˋθɝtin] n. 十三
up, [ʌp] adv. 向上
thirty, [ˋθɝtɪ] n. 三十
upstairs, [ˋʌpˋstɛrz] adv. 在樓上
this, [ðɪs] pron. adj. 這個
us, [ʌs] pron. (受格)我們
those, [ðoz] pron. adj. 那些
use, [jus] vt. 使用
though, [ðo] conj. 雖然 adv. 不過
useful, [ˋjusfəl] adj. 有用的
thought, [θɔt] n. 想法
vegetable, [ˋvɛdʒətəb!] n. 蔬菜
thousand, [ˋθaʊznd] n. 千
very, [ˋvɛrɪ] adv. (1) 非常
three, [θri] n. 三
view, [vju] n. 視野
throw, [θro] vt. vi. 投；拋
visit, [ˋvɪzɪt] vt. 參觀
Thursday, [ˋθɝzde] n. 星期四
voice, [vɔɪs] n. 聲音
wait, [wet] vi. 等待
thus, [ðʌs] adv. 因此
walk, [wɔk] vi. vt. 走
ticket, [ˋtɪkɪt] n. 票
wall, [wɔl] n. 牆
tie, [taɪ] (1) vt. vi. 栓；繫 (2) n. 領帶
want, [wɑnt] vt. 想要
tiger, [ˋtaɪgɚ] n. 虎
war, [wɔr] n. 戰爭
time, [taɪm] n. 時間
warm, [wɔrm] adj. 溫暖的
tiny, [ˋtaɪnɪ] adj. 極小的
wash, [wɑʃ] vt. 洗
tire, [taɪr] (1) n.輪胎 (2) vt.使疲倦
waste, [west] vt. 浪費
to, [tu] prep. 向；往；到
watch, [wɑtʃ] (1) n.手錶；監視 (2) vt.觀看 vi.注視
today, [təˋde] n. 今天
together, [təˋgɛðɚ] adv. 一起
water, [ˋwɔtɚ] n. 水
tomorrow, [təˋmɔro] n. 明天
way, [we] n. 路
tone, [ton] n. 音調
we, [wi] pron. (主格)我們
tonight, [təˋnaɪt] n. 今晚
weak, [wik] adj. 虛弱的
too, [tu] adv. 也
wear, [wɛr] vt. 穿
tool, [tul] n. 工具
weather, [ˋwɛðɚ] n. 天氣
top, [tɑp] n. 頂部
wedding, [ˋwɛdɪŋ] n. 婚禮
total, [ˋtot!] adj. 總計的
Wednesday, [ˋwɛnzde] n 星期三
touch, [tʌtʃ] vt. 觸摸
week, [wik] n. 週
towards, [təˋwɔrdz] prep. 朝向
weekend, [ˋwikˋɛnd] n. 週末
town, [taʊn] n. 城鎮
weigh, [we] vt. 秤…的重量
toy, [tɔɪ] n. 玩具
weight, [wet] n. 重量
train, [tren] (1) n.火車 (2) vt.訓練
welcome, [ˋwɛlkəm] vt. 歡迎
tree, [tri] n. 樹
well, [wɛl] (1)adv.很好地 (2)n.井 adj.健康的
trip, [trɪp] n. 旅行
west, [wɛst] n. 西
trouble, [ˋtrʌb!] n. 麻煩
what, [hwɑt] pron. 什麼
true, [tru] adj. 真實的
when, [hwɛn] adv. conj. pron. 何時
try, [traɪ] vt. vi. 嘗試
where, [hwɛr] adv. conj. pron. 在哪裡
T-shirt, [ˋti͵ʃɝt] n. 短袖圓領汗衫
whether, [ˋhwɛðɚ] conj. 是否
Tuesday, [ˋtjuzde] n.星期二
which, [hwɪtʃ] pron. 哪一個
tummy, [ˋtʌmɪ] n. 肚子
while, [hwaɪl] (1) conj. 當…時；然而 (2) n.一會兒 (3) vt.消磨(時光)
turn, [tɝn] vi. vt. 使轉動
twelve, [twɛlv] n. 十二
white, [hwaɪt] adj. 白色的
twenty, [ˋtwɛntɪ] n. 二十
who, [hu] pron. 誰
twice, [twaɪs] adv. 兩次
whole, [hol] adj. 全部的
two, [tu] n. 二
whom, [hum] pron.(who 的受格)誰
uncle, [ˋʌŋk!] n.叔叔；伯父；舅舅
whose, [huz] pron. 誰的
under, [ˋʌndɚ] prep. 在…下面
why, [hwaɪ] adv. 為什麼
understand, [͵ʌndɚˋstænd] vt.理解
wide, [waɪd] adj. 寬闊的
unit, [ˋjunɪt] n. 單位
wife, [waɪf] n. 妻子
until, [ənˋtɪl] prep.直到…為止
till, [tɪl] prep.直到…為止
will, [wɪl] (1) n.意志；遺囑 (2) aux.將
win, [wɪn] vt. 贏
wind, [wɪnd] (1) n. 風
window, [ˋwɪndo] n. 窗戶
wine, [waɪn] n. 紅酒
winter, [ˋwɪntɚ] n. 冬天
wish, [wɪʃ] vt. 但願
with, [wɪð] prpe. 與…一起
woman, [ˋwʊmən] n. 女人
wood, [wʊd] n. 木頭
word, [wɝd] n. 字
work, [wɝk] n. vi. vt.工作
worker, [ˋwɝkɚ] n. 工人
world, [wɝld] n. 世界
worm, [wɝm] n. 蠕蟲
worry, [ˋwɝɪ] vt. 使擔心
worse, [wɝs] adj. 更壞的
worst, [wɝst] adj. 最壞的
write, [raɪt] vt. 寫下
writer, [ˋraɪtɚ] n. 作者
wrong, [rɔŋ] adj. 錯誤的
yam, [jæ m] n. 番薯 (=sweet potato)
year, [jɪr] n. 年
yellow, [ˋjɛlo] adj. 黃色的
yes, [jɛs] adv. n. 是
yeah, [jɛə] adv. n. 是
yesterday, [ˋjɛstɚde] n. 昨天
yet, [jɛt] adv. 然而；還(沒)
you, [ju] pron. (主格)你
young, [jʌŋ] adj. 年輕的
yours, [jʊrz] adj. 你的；你們的
yucky, [ˋjʌkɪ] adj. 噁心的
attend, [əˋtɛnd] vt. vi.出席
attention, [əˋtɛnʃən] n.注意力
ability, [əˋbɪlətɪ] n. 能力
avoid, [əˋvɔɪd] vt.避開
abroad, [əˋbrɔd] adv. 在國外
baby-sit, [ˋbebɪ͵sɪt] vi.當臨時保姆
absence, [ˋæbsns] n. 缺席
baby-sitter, [ˋbebɪsɪtɚ] n.臨時替人看小孩者
absent, [ˋæbsnt] adj. 缺席的
backward, [ˋbækwɚd] adj.向後的
backwards, [ˋbækwɚdz] adj.向後
accept, [əkˋsɛpt] vt. vi.接受
active, [ˋæktɪv] adj.活潑的
bake, [bek] vt.烘，烤
bakery, [ˋbekərɪ] n.麵包店
addition, [əˋdɪʃən] n. 附加
balcony, [ˋbælkənɪ] n.陽臺
advance, [ədˋvæns] vt. vi.促進
bamboo, [bæmˋbu] n.竹子
affair, [əˋfɛr] n. 事情
banker, [ˋbæŋkɚ] n.銀行家
aid, [ed] vt. vi.幫助
barbecue, [ˋbɑrbɪkju] n.烤肉 (=BBQ)
aim, [em] vt. vi.把……瞄準
aircraft, [ˋɛr͵kræft] n.飛機
bark, [bɑrk] (1) n. vt. vi. 吠叫 (2) n. 樹皮
airline, [ˋɛr͵laɪn] n. 航線; 航空公司
basement, [ˋbesmənt] n.地下室
basics, [ˋbesɪk] a.基礎的
alarm, [əˋlɑrm] n.警報器
album, [ˋælbəm] n.相簿;專輯
basis, [ˋbesɪs] n.基礎
battle, [ˋbæt!] n.戰鬥
alike, [əˋlaɪk] adj.相同的
alive, [əˋlaɪv] adj. 活著的
bead, [bid] n.有孔小珠
almond, [ˋɑmənd] n.杏仁
bean, [bin] n.豆
aloud, [əˋlaʊd] adv. 大聲地
bear, [bɛr] vt. vi. 搬運；帶有；承受
alphabet, [ˋælfə͵bɛt] n.字母系統
beard, [bɪrd] n.（下巴上的）鬍鬚
bedroom, [ˋbɛd͵rʊm] n.臥室
although, [ɔlˋðo] conj. 儘管
altogether, [͵ɔltəˋgɛðɚ] adv. 完全
beef, [bif] n.牛肉
amount, [əˋmaʊnt] n.數量
beep, [bip]n.嗶嗶的聲音
ancient, [ˋenʃənt] adj.古代的
beer, [bɪr] n.啤酒
ankle, [ˋæŋk!] n.足踝
beetle, [ˋbit!] n.甲蟲
anybody, [ˋɛnɪ͵bɑdɪ] pron.任何人
anyone, [ˋɛnɪ͵wʌn] pron.任何人
beg, [bɛg] vt.乞討
beginner, [bɪˋgɪnɚ] n.初學者
anyhow, [ˋɛnɪ͵haʊ] adv.無論如何
belief, [bɪˋlif] n.相信
anytime, [ˋɛnɪ͵taɪm] adv.任何時候
believable, [bɪˋlivəb!] adj.可信的
anyway, [ˋɛnɪ͵we] adv.無論如何
belt, [bɛlt] n.腰帶
anywhere, [ˋɛnɪ͵hwɛr] adv.在任何地方
anyplace, [ˋɛnɪ͵ples] adv.在任何地方
bench, [bɛntʃ] n.長椅
bend, [bɛnd] vt.使彎曲
apartment, [əˋpɑrtmənt] n. 公寓房間
besides, [bɪˋsaɪdz] adv.此外
appearance, [əˋpɪrəns] n. 顯露
bet, [bɛt] n. v. 打賭
appetite, [ˋæpə͵taɪt] n.食慾
beyond, [bɪˋjɑnd] adv. prep. 在更遠處
apply, [əˋplaɪ] vt. vi.塗；申請
bill, [bɪl] n.帳單
apron, [ˋeprən] n. 圍裙
bind, [baɪnd] vt. vi. n. 捆
arguement, [ˋɑrgjəmənt] n.爭吵
bitter, [ˋbɪtɚ] adj. 苦的
blackboard, [ˋblæk͵bord] n. 黑板
arm, [ɑrm] vt. vi. 武裝；備戰
armchair, [ˋɑrm͵tʃɛr] n.扶手椅
blank, [blæŋk] adj. 空白的
arrange, [əˋrendʒ] vt.vi.安排
arrangement, [əˋrendʒmənt] n.安排
blind, [blaɪnd] adj. 瞎的
arrest, [əˋrɛst] vt. n. 逮捕
bloody, [ˋblʌdɪ] adj. 流血的
arrive, [əˋraɪv] vi. 到達
board, [bord] n.木板；伙食；委員會 vt.用木板覆蓋；上(船、飛機等)；供…膳宿 vi.搭伙
arrow, [ˋæro] n. 箭
article, [ˋɑrtɪk!] n. 文章
essay, [ˋɛse] n. 文章
artist, [ˋɑrtɪst] n. 藝術家
boil, [bɔɪl] vi. vt. n. 沸騰
asleep, [əˋslip] adj. 睡著的
bomb, [bɑm] n. vt. vi. 炸(彈)
bony, [ˋbonɪ] adj. 骨的
assistant, [əˋsɪstənt] n.助手
bookcase, [ˋbʊk͵kes] n. 書架
attack, [əˋtæk] vt. vi. 襲擊
borrow, [ˋbɑro] vt. 借
chess, [tʃɛs] n. 西洋棋
boss, [bɔs] n. 老板
childish, [ˋtʃaɪldɪʃ] adj. 孩子的
bother, [ˋbɑðɚ] vt. vi. 打攪
childlike, [ˋtʃaɪld͵laɪk] adj. 天真的
bottle, [ˋbɑt!] n. 瓶子
chin, [tʃɪn] n. 下巴
bow, [bo] n.弓；蝴蝶結(2)[baʊ]vi.vt.鞠躬
chocolate, [ˋtʃɑkəlɪt] n. 巧克力
bowling, [ˋbolɪŋ] n. 保齡球運動
choice, [tʃɔɪs] n. 選擇
brain, [bren] n. 腦袋
choose, [tʃuz] vt. vi. 挑選
branch, [bræ ntʃ] n. 樹枝
chopsticks, [ˋtʃɑp͵stɪks] n. 筷子
brand, [bræ nd] n. 商標
circle, [ˋsɝk!] n. 圓圈
brick, [brɪk] n. 磚塊
citizen, [ˋsɪtəzn] n. 公民
brief, [brif] adj. 短暫的
claim, [klem] vt. vi. n. 要求
broad, [brɔd] adj. 寬的
clap, [klæ p] vt. vi. n. 拍（手）
broadcast, [ˋbrɔd͵kæst] n. vt. vi. 廣播
classic, [ˋklæsɪk] adj. 典型的
brunch, [brʌntʃ] n. 早午餐
claw, [klɔ] n. 腳爪
brush, [brʌʃ] n. vt. vi. 刷(子)
clay, [kle] n. 黏土
bun, [bʌn] n. 小圓麵包
roll, [rol] n. 小圓麵包
cleaner, [ˋklinɚ] n. 清潔工
bundle, [ˋbʌnd!] n. vt. vi. 捆
clerk, [klɝk] n. 職員
burn, [bɝn] vt. vi. n. 發熱；燒傷
clever, [ˋklɛvɚ] adj. 伶俐的
burst, [bɝst] vi. vt. n. 爆炸
climate, [ˋklaɪmɪt] n. 氣候
business, [ˋbɪznɪs] n. 職業；生意
closet, [ˋklɑzɪt] n. 衣櫥
button, [ˋbʌtn] n. 鈕扣
cloth, [klɔθ] n. 布
cabbage, [ˋkæbɪdʒ] n. 甘藍菜
clothe, [kloð] vt. 給……穿衣
cable, [ˋkeb!] n. 鋼索
clothes, [kloz] n. 服裝
cafe, [kəˋfe] n. 咖啡廳 (=café)
clothing, [ˋkloðɪŋ] n. 衣服
cafeteria, [͵kæfəˋtɪrɪə] n. 自助餐館
cloudy, [ˋklaʊdɪ] adj. 多雲的
calendar, [ˋkæləndɚ] n. 日曆
clown, [klaʊn] n. 小丑
calm, [kɑm] adj. n.沉著(的) vi. vt. (使)鎮定
club, [klʌb] n. 社團
cancel, [ˋkæns!] vt. 取消；刪去
coach, [kotʃ] n. 馬車；教練
cancer, [ˋkænsɚ] n. 癌
coal, [kol] n. 煤
candle, [ˋkænd!] n. 蠟燭
cock, [kɑk] n. 公雞
captain, [ˋkæptɪn] n. 船長
cockroach, [ˋkɑk͵rotʃ] n. 蟑螂
carpet, [ˋkɑrpɪt] n. 地毯
coin, [kɔɪn] n. 硬幣
carrot, [ˋkærət] n. 胡蘿蔔
collect, [kəˋlɛkt] vt. 收集
cart, [kɑrt] n. 手推車
colorful, [ˋkʌlɚfəl] adj. 鮮豔的
cartoon, [kɑrˋtun] n. 卡通
comb, [kom] n. vt. 梳(子)
cash, [kæ ʃ] n. 現金
comfortable, [ˋkʌmfɚtəb!] adj. 舒適的
cassette, [kəˋsɛt] n. 卡式磁帶
company, [ˋkʌmpənɪ] n. 公司
castle, [ˋkæs!] n. 城堡
compare, [kəmˋpɛr] vt. vi. 比較
cave, [kev] n. 洞穴
complain, [kəmˋplen] vi. vt. 抱怨
ceiling, [ˋsilɪŋ] n. 天花板
complete, [kəmˋplit] adj. vt. 完整(的)
cell, [sɛl] n. 細胞
computer, [kəmˋpjutɚ] n. 電腦
central, [ˋsɛntrəl] adj. 中心的
confirm, [kənˋfɝm] vt. 確定
century, [ˋsɛntʃʊrɪ] n. 世紀
conflict, [kənˋflɪkt] vi. [ˋkɑnflɪkt] n.衝突
cereal, [ˋsɪrɪəl] n. 麥片
Confucius, [kənˋfjuʃəs] n. 孔子
chalk, [tʃɔk] n. 粉筆
congratulation, [kən͵grætʃəˋleʃən] n. 祝賀
change, [tʃendʒ] (1) vt. vi. n.改變 (2) n.零錢
consider, [kənˋsɪdɚ] vt. vi. 考慮
character, [ˋkærɪktɚ] n. 性格
contact, [kənˋtækt] vt. [ˋkɑntæ kt] n.接觸
charge, [tʃɑrdʒ] vt. vi. n. 索價
contain, [kənˋten] vt. 包含
cheap, [tʃip] adj. 便宜的
control, [kənˋtrol] vt. n. 控制
cheat, [tʃit] vt. vi. 欺騙
controller, [kənˋtrolɚ] n. 管制者
chemical, [ˋkɛmɪk!] adj. 化學的
convenient, [kənˋvinjənt] adj. 便利的
conversation, [͵kɑnvɚˋseʃən] n. 會話
describe, [dɪˋskraɪb] vt. 描寫
cooker, [ˋkʊkɚ] n. 烹調器具
desert, [d'ɛzɚt]n.沙漠 (2)[dɪˋzɝt]vt.拋棄
copy, [ˋkɑpɪ]vt.vi.n.複製(品)
Xerox, [ˋzɪrɑks]vt.vi.n.複製(品)(大寫)
design, [dɪˋzaɪn] vt. vi. n. 設計
corner, [ˋkɔrnɚ] n. vt. 角落；使陷困境
desire, [dɪˋzaɪr] vt. n. 渴望
costly, [ˋkɔstlɪ] adj. 貴重的
dessert, [dɪˋzɝt] n. 甜點
cotton, [ˋkɑtn] n. 棉花
detect, [dɪˋtɛkt] vt. 察覺
cough, [kɔf] n. vi. vt. 咳嗽
development, [dɪˋvɛləpmənt]vt.vi.(n)發展
countryside, [ˋkʌntrɪ͵saɪd] n. 鄉間
dew, [dju] n. 露水
county, [ˋkaʊntɪ] n. 郡
dial, [ˋdaɪəl] n. 刻度盤 vt. vi. 調頻；撥號
couple, [ˋkʌp!] n. 雙; 夫婦
diamond, [ˋdaɪəmənd] n. 鑽石
courage, [͵kɝɪdʒ] n. 勇氣
diary, [ˋdaɪərɪ] n. 日記
court, [kort] n. 法院
dictionary, [ˋdɪkʃən͵ɛrɪ] n. 字典
cousin, [ˋkʌzn] n. 堂(表)兄弟/姐妹
difference, [ˋdɪfərəns] n. 差異
crab, [kræ b] n. 蟹
difficulty, [ˋdɪfə͵kʌltɪ] n. 困難
crane, [kren] n. 鶴
dinosaur, [ˋdaɪnə͵sɔr] n. 恐龍
crayon, [ˋkreən] n. 蠟筆
direction, [dəˋrɛkʃən] n. 方向
crazy, [ˋkrezɪ] adj. 瘋狂的
director, [dəˋrɛktɚ] n. 主管
cream, [krim] n. 奶油
disagree, [͵dɪsəˋgri] vi.不同意
disagreement, [͵dɪsəˋgrimənt] n.意見不一
create, [krɪˋet] vt. 創造
crime, [kraɪm] n. 罪行
disappear, [͵dɪsəˋpɪr] vi. 消失
crisis, [ˋkraɪsɪs] n. 危機
discuss, [dɪˋskʌs] vt. 討論
crop, [krɑp] n. 作物
discussion, [dɪˋskʌʃən] n. 討論
cross, [krɔs] n.十字形 vt. vi 橫越 adj.發怒的
dishonest, [dɪsˋɑnɪst] adj. 不誠實的
crow, [kro] (2) vi. 啼叫
display, [dɪˋsple] vt. n. 陳列
crowd, [kraʊd] n. 人群
distance, [ˋdɪstəns] n. 距離
cruel, [ˋkruəl] adj. 殘忍的
distant, [ˋdɪstənt] adj. 遠的
culture, [ˋkʌltʃɚ] n. 文化
divide, [dəˋvaɪd] vt. vi. n. 劃分；分水嶺
cure, [kjʊr] vt. 治癒 n. 療法
division, [dəˋvɪʒən] n. 分割
curious, [ˋkjʊrɪəs] adj. 好奇的
dizzy, [ˋdɪzɪ] adj. 頭暈目眩的
curtain, [ˋkɝtn] n. 窗簾
drape, [drep] n. 窗簾
dolphin, [ˋdɑlfɪn] n. 海豚
custom, [ˋkʌstəm] n. 慣例
donkey, [ˋdɑŋkɪ] n. 驢
customer, [ˋkʌstəmɚ] n. 顧客
dot, [dɑt] n. vt. vi. (打)點
daily, [ˋdelɪ] adj. 每日的
double, [ˋdʌb!] adj. n.兩倍(的) vt. vi. 加倍
damage, [ˋdæmɪdʒ] n. vt. 損害
doubt, [daʊt] vt. vi. n. 懷疑
dangerous, [ˋdendʒərəs] adj. 危險的
doughnut, [ˋdo͵nʌt] n. 甜甜圈
data, [ˋdetə] n. 資料
downtown, [͵daʊnˋtaʊn] n. 城市商業區
dawn, [dɔn] n. 黎明
Dr., [ˋdɑktɚ] n. 醫生
deaf, [dɛf] adj. 聾的
drag, [dræ g] vt. vi. n. 拖
debate, [dɪˋbet] n. vt. vi. 辯論
dragon, [ˋdrægən] n. 龍
debt, [dɛt] n. 債
dragonfly, [ˋdrægən͵flaɪ] n. 蜻蜓
decision, [dɪˋsɪʒən] n. 決定
drama, [ˋdrɑmə] n. 戲劇
decorate, [ˋdɛkə͵ret] vt. vi. 裝飾
drawer, [ˋdrɔɚ] n. 抽屜
degree, [dɪˋgri] n. 度數
drawing, [ˋdrɔɪŋ] n. 圖畫
delay, [dɪˋle] vt. vi. n. 延緩
dress, [drɛs] vt. vi. 打扮 n. 女裝
delicious, [dɪˋlɪʃəs] adj. 美味的
drop, [drɑp] n. 滴 vt. vi. (使)滴下
deliver, [dɪˋlɪvɚ] vt. vi. 投遞
drug, [drʌg] n. 藥品 vt. vi. (使)服麻醉藥
dentist, [ˋdɛntɪst] n. 牙醫
drugstore, [ˋdrʌg͵stor] n. 藥房
deny, [dɪˋnaɪ] vt. 否認
drum, [drʌm] n. 鼓
department, [dɪˋpɑrtmənt] n. 部
dryer, [ˋdraɪɚ] n. 烘乾機
depend, [dɪˋpɛnd] vi. 信賴
dull, [dʌl] adj. 乏味的
depth, [dɛpθ] n. 深度
dumb, [dʌm] adj. 不能說話的
dumpling, [ˋdʌmplɪŋ] n. 餃子
fee, [fi] n. 費用
duty, [ˋdjutɪ] n. 義務
fellow, [ˋfɛlo] n. 夥伴
earn, [ɝn] vt. 賺得
female, [ˋfimel] adj. n. 女性(的)
earthquake, [ˋɝθ͵kwek] n. 地震
fence, [fɛns] n. 柵欄
eastern, [ˋistɚn] adj. 東方的
festival, [ˋfɛstəv!] n. 節日
education, [͵ɛdʒʊˋkeʃən] n. 教育
fever, [ˋfivɚ] n. 發燒
effect, [ɪˋfɛkt] n. 影響
field, [fild] n. 原野
effective, [ɪˋfɛktɪv] adj. 有效的
fighter, [ˋfaɪtɚ] n. 鬥士
effort, [ˋɛfɚt] n. 努力
figure, [ˋfɪgjɚ] n. 體形
elder, [ˋɛldɚ] adj. 年齡較大的
film, [fɪlm] n. 電影
elect, [ɪˋlɛkt] vt. 推選
fireman, [ˋfaɪrmən] n. 消防隊員
element, [ˋɛləmənt] n. 要素
firm, [fɝm] adj. 穩固的
elevator, [ˋɛlə͵vetɚ] n. 電梯
fisherman, [ˋfɪʃɚmən] n. 漁夫
emotion, [ɪˋmoʃən] n. 情感
fit, [fɪt] vt. vi. adj. 合身
encourage, [ɪnˋkɝɪdʒ]vt.鼓勵
encouragement, [ɪnˋkɝɪdʒmənt]n.鼓勵
fix, [fɪks] vt. vi. 固定；修理
flag, [flæ g] n. 旗
ending, [ˋɛndɪŋ] n. 結局
flash, [flæ ʃ] vt. vi. n. 閃爍
enemy, [ˋɛnəmɪ] n. 敵人
flashlight, [ˋflæʃ͵laɪt] n. 手電筒
energy, [ˋɛnɚdʒɪ] n. 活力
flat, [flæ t] adj. 平坦的
enjoy, [ɪnˋdʒɔɪ] vt.樂趣
enjoyment, [ɪnˋdʒɔɪmənt] n. 樂趣
flight, [flaɪt] n. 飛行
entire, [ɪnˋtaɪr] adj. 全部的
flood, [flʌd] n. 水災 vt. vi. 淹沒
entrance, [ˋɛntrəns] n. 入口
flour, [flaʊr] n. 麵粉
envelope, [ˋɛnvə͵lop] n. 信封
flow, [flo] vi. vt. n. 流動
environment, [ɪnˋvaɪrənmənt] n. 環境
flu, [flu] n. 流行性感冒
eraser, [ɪˋresɚ] n. 橡皮擦
flute, [flut] n. 長笛
error, [ˋɛrɚ] n. 失誤
focus, [ˋfokəs] n. 焦點 vt. vi. 聚焦
especially, [əˋspɛʃəlɪ] adv. 尤其
foggy, [ˋfɑgɪ] adj. 有霧的
event, [ɪˋvɛnt] n. 事件
following, [ˋfɑləwɪŋ] adj. 接著的
exact, [ɪgˋzækt] adj. 確切的
fool, [ful] n. (1)傻瓜 vt. (2)欺騙
excellent, [ˋɛks!ənt] adj. 傑出的
foolish, [ˋfulɪʃ] adj. 愚蠢的
excite, [ɪkˋsaɪt] vt.使...興奮
excitement, [ɪkˋsaɪtmənt] n.興奮
football, [ˋfʊt͵bɔl] n. 橄欖球；足球
excuse, [ɪkˋskjuz] n. 藉口
foreigner, [ˋfɔrɪnɚ] n. 外國人
exercise, [ˋɛksɚ͵saɪz] v. n. 運動
forgive, [fɚˋgɪv] vt. 原諒
exist, [ɪgˋzɪst] vi. 存在
form, [fɔrm] n. 形狀 vt. 形成
expect, [ɪkˋspɛkt] vt. 預期
formal, [ˋfɔrm!] adj. 正式的
expensive, [ɪkˋspɛnsɪv] adj. 昂貴的
former, [ˋfɔrmɚ] adj. 從前的
experience, [ɪkˋspɪrɪəns] n. 經驗
forward, [ˋfɔrwɚd] adv. adj. 向前 vt. 轉交
expert, [ˋɛkspɚt] n. 專家
forwards, [ˋfɔrwɚdz] adv. 向前
explain, [ɪkˋsplen] vi. vt. 解釋
fox, [fɑks] n. 狐
express, [ɪkˋsprɛs] vt. 表達
frank, [fræŋk] adj. 坦白的
extra, [ˋɛkstrə] adj. 額外的
freedom, [ˋfridəm] n. 自由
eyebrow, [ˋaɪ͵braʊ] n. 眉毛 (=brow)
freezer, [ˋfrizɚ] n. 冰箱；冷凍櫃
fail, [fel] vi. vt. 失敗
friendly, [ˋfrɛndlɪ] adj. 親切的
failure, [ˋfeljɚ] n. 失敗
fright, [fraɪt] n. 驚嚇
fair, [fɛr] (1) adj.公正的；美麗的 (2) n. 美好的事物；市集
frighten, [ˋfraɪtn] vt. 使驚恐
function, [ˋfʌŋkʃən] n. 功能
famous, [ˋfeməs] adj. 著名的
further, [ˋfɝðɚ] adj. adv. 更遠的
fault, [fɔlt] n. 缺點
future, [ˋfjutʃɚ] n. 未來
favor, [ˋfevɚ] n. vt. 贊成
gain, [gen] vt. vi. n. 獲得
favorite, [ˋfevərɪt] adj. 特別喜愛的
garage, [gəˋrɑʒ] n. 車庫
fearful, [ˋfɪrfəl] adj. 可怕的
garbage, [ˋgɑrbɪdʒ] n. 垃圾
gardener, [ˋgɑrdənɚ] n. 園丁
hobby, [ˋhɑbɪ] n. 嗜好
gate, [get] n. 大門
holder, [ˋholdɚ] n. 持有者
gather, [ˋgæðɚ] vt. 收集
homesick, [ˋhom͵sɪk] adj. 懷鄉病的
general, n.將軍
honest, [ˋɑnɪst] adj. 誠實的
generous, [ˋdʒɛnərəs] adj. 慷慨的
honey, [ˋhʌnɪ] n. 蜂蜜
gentle, [ˋdʒɛnt!] adj. 溫和的
hop, [hɑp] vi. vt. 單足跳
gentleman, [ˋdʒɛnt!mən] n. 紳士
hospital, [ˋhɑspɪt!] n. 醫院
geography, [ˋdʒɪˋɑgrəfɪ] n. 地理學
host, [host] n. 主人，男主持人
hostess, [ˋhostɪs] n. 女主人，女主持人
giant, [ˋdʒaɪənt] n. 巨人 adj. 巨大的
giraffe, [dʒəˋræf] n. 長頸鹿
hotel, [hoˋtɛl] n. 旅館
glove, [glʌv] n. 手套
however, [haʊˋɛvɚ] adv. 然而
glue, [glu] n. 膠水
hum, [hʌm] vi. vt. n. 發嗡嗡聲
goal, [gol] n. 終點；目標
humble, [ˋhʌmb!] adj. 謙遜的
goat, [got] n. 山羊
humid, [ˋhjumɪd] adj. 潮濕的
golden, [ˋgoldn] adj. 金色的
humor, [ˋhjumɚ] n. 幽默感
golf, [gɑlf] n. 高爾夫球運動
hunger, [ˋhʌŋgɚ] n. 飢餓
govern, [ˋgʌvɚn] vt. vi. 管理
hunt, [hʌnt] vt. vi. n. 追獵
government, [ˋgʌvɚnmənt] n. 政府
hunter, [ˋhʌntɚ] n. 獵人
grade, [gred] n. vt. vi. (分)等級
hurry, [ˋhɝɪ] vt. vi. n. 催促
grape, [grep] n. 葡萄
ignore, [ɪgˋnor] vt. 忽視
grassy, [ˋgræsɪ] adj. 長滿草的
ill, [ɪl] adj. 生病的
greedy, [ˋgridɪ] adj. 貪食的
imagine, [ɪˋmædʒɪn] vt. vi. 想像
greet, [grit] vt. 問候
importance, [ɪmˋpɔrtns] n. 重要性
growth, [groθ] n. 成長
improve, [ɪmˋpruv] vt.vi.改善
improvement, [ɪmˋpruvmənt] n.改善
guard, [gɑrd] n. vt. vi. 守衛
include, [ɪnˋklud] vt. 包含
guava, [ˋgwɑvə] n. 芭樂
income, [ˋɪn͵kʌm] n. 收入
guitar, [gɪˋtɑr] n. 吉他
increase, [ɪnˋkris] vt. vi. [ˋɪnkris] n. 增加
guy, [gaɪ] n. 傢伙
independence, [͵ɪndɪˋpɛndəns] n. 獨立
habit, [ˋhæbɪt] n. 習慣
independent, [͵ɪndɪˋpɛndənt] adj. 獨立的
hall, [hɔl] n. 大廳
indicate, [ˋɪndə͵ket] vt. 指出
hamburger, [ˋhæmbɝgɚ] n. 漢堡 (=burger)
industry, [ˋɪndəstrɪ] n. 工業
hammer, [ˋhæmɚ] n. 鐵鎚
influence, [ˋɪnflʊəns] n. vt. 影響
handkerchief, [ˋhæŋkɚ͵tʃɪf] n. 手帕
ink, [ɪŋk] n. 墨水
handle, [ˋhænd!] (1) n. 把手 (2) vt. 處理
insect, [ˋɪnsɛkt] n. 昆蟲
handsome, [ˋhænsəm] adj. 英俊的
insist, [ɪnˋsɪst] vt. vi. 堅持
hang, [hæŋ] vt. vi. 懸掛
instance, [ˋɪnstəns] n. 例子
hanger, [ˋhæŋɚ] n. 衣架
instant, [ˋɪnstənt] adj. 即刻的
hardly, [ˋhɑrdlɪ] adv. 幾乎不
instrument, [ˋɪnstrəmənt] n. 儀器; 樂器
hateful, [ˋhetfəl] adj. 可恨的
international, [͵ɪntɚˋnæʃən!] adj. 國際性的
healthy, [ˋhɛlθɪ] adj. 健康的
interview, [ˋɪntɚ͵vju] n. vt. 訪談
heater, [ˋhitɚ] n. 暖氣機
introduce, [͵ɪntrəˋdjus] vt. 介紹
height, [haɪt] n. 高度
invent, [ɪnˋvɛnt] vt. 發明
helpful, [ˋhɛlpfəl] adj. 有幫助的
invitation, [͵ɪnvəˋteʃən] n. 邀請
hen, [hɛn] n. 母雞
invite, [ɪnˋvaɪt] vt. 邀請
hero, [ˋhɪro] n 英雄
island, [ˋaɪlənd] n. 島
heroine, [ˋhɛro͵ɪn] n. 女英雄
item, [ˋaɪtəm] n. 項目
hide, [haɪd] vt. vi. 隱藏
jacket, [ˋdʒæ kɪt] n. 夾克
highway, [ˋhaɪ͵we] n. 公路
jam, [dʒæ m](2)vt. vi. (使)塞滿 n.堵塞；果醬
hip, [hɪp] n. 臀部
jazz, [dʒæ z] n. 爵士樂
hippopotamus, [͵hɪpəˋpɑtəməs] n.河馬
jeans, [dʒinz] n. 牛仔褲
hire, [haɪr] vt. n. 租借；僱用
jeep, [dʒip] n. 吉普車
jog, [dʒɑg] vi. 慢跑
main, [men] adj. 主要的
joint, [dʒɔɪnt] n. 關節
maintain, [menˋten] vt. 保持
judge, [dʒʌdʒ] (1) n. 法官 (2) vt. vi. 判決
male, [mel] adj. n. 男性(的)
juicy, [ˋdʒusɪ] adj. 多汁的
Mandarin, [ˋmændərɪn] n. 華語
ketchup, [ˋkɛtʃəp] n. 番茄醬
mango, [ˋmæŋgo] n. 芒果
kindergarten, [ˋkɪndɚ͵gɑrtn] n. 幼稚園
manner, [ˋmænɚ] n. 方法; 舉止
kingdom, [ˋkɪŋdəm] n. 王國
mark, [mɑrk] n. vt. vi. (留)痕跡：(做)標記
knock, [nɑk] vi. vt. n. 相撞
marriage, [ˋmærɪdʒ] n. 婚姻
knowledge, [ˋnɑlɪdʒ] n. 知識
mask, [mæ sk] n. 假面具; 口罩
koala, [koˋɑlə] n. 無尾熊
mass, [mæ s] n. 眾多 adj. 大眾的
ladybug, [ˋledɪ͵bʌg] n. 瓢蟲
ladybird, [ˋledɪ͵bɝd] n. 瓢蟲
mat, [mæ t] n. 墊子
match, [mæ tʃ] vt. vi. 相配
lane, [len] n. 小路
mate, [met] n. 伙伴
language, [ˋlæŋgwɪdʒ] n. 語言
material, [məˋtɪrɪəl] (1) n. 材料
lantern, [ˋlæntɚn] n. 燈籠
meal, [mil] n. 一餐
lap, [læ p] n. vt. vi. 重疊部分
meaning, [ˋminɪŋ] n. 含義
latest, [ˋletɪst] adj. 最新的
means, [minz] n. 手段
lawyer, [ˋlɔjɚ] n. 律師
measurable, [ˋmɛʒərəb!] adj. 可測量的
leadership, [ˋlidɚʃɪp] n. 領導
measure, [ˋmɛʒɚ] vt.vi.測量
legal, [ˋlig!] adj. 法律上的
measurement, [ˋmɛʒɚ(mənt)] n.測量
lemon, [ˋlɛmən] n. 檸檬
medicine, [ˋmɛdəsn] n. 藥
lemonade, [͵lɛmənˋed] n. 檸檬水
meeting, [ˋmitɪŋ] n. 會議
lend, [lɛnd] vt. 把……借給
melody, [ˋmɛlədɪ] n. 旋律
length, [lɛŋθ] n. 長度
melon, [ˋmɛlən] n. 瓜
leopard, [ˋlɛpɚd] n. 豹
member, [ˋmɛmbɚ] n. 成員
lettuce, [ˋlɛtɪs] n. 萵苣
memory, [ˋmɛmərɪ] n. 記憶
library, [ˋlaɪ͵brɛrɪ] n. 圖書館
menu, [ˋmɛnju] n. 菜單
lick, [lɪk] vt. vi. n. 舔
message, [ˋmɛsɪdʒ] n. 消息
lid, [lɪd] n. 蓋子
metal, [ˋmɛt!] n. 金屬
lightning, [ˋlaɪtnɪŋ] n. 閃電
meter, [ˋmitɚ] n. 計量器
limit, [ˋlɪmɪt] n. 界限 vt. 限制
method, [ˋmɛθəd] n. 方法
link, [lɪŋk] n. vt. vi. 聯繫
military, [ˋmɪlə͵tɛrɪ] n. 軍事的
liquid, [ˋlɪkwɪd] n. 液體
million, [ˋmɪljən] n. 百萬
listener, [ˋlɪsnɚ] n. 傾聽者
mine, [maɪn] (1) n. 礦山 vt. vi. 開礦 (2) pron. 我的
loaf, [lof] n. 一條
local, [ˋlok!] adj. 地方性的
minus, [ˋmaɪnəs] prep.adj.減去；負的 n.負號
locate, [loˋket] vt. 確定……的地點
mirror, [ˋmɪrɚ] n. 鏡子
lock, [lɑk] n. vt. vi. 鎖
mix, [mɪks] vt. vi. n. (使)混和
log, [lɔg] n. 圓木
model, [ˋmɑd!] n. 模型
lone, [lon] adj. 孤單的
modern, [ˋmɑdɚn] adj. 現代的
lonely, [ˋlonlɪ] adj. 孤獨的
monster, [ˋmɑnstɚ] n. 怪物
lose, [luz] vt. vi. 丟失
mosquito, [məsˋkito] n. 蚊子
loser, [ˋluzɚ] n. 失敗者
moth, [mɔθ] n. 蛾
loss, [lɔs] n. 遺失
motion, [ˋmoʃən] n.姿態; 提議 vt. vi. 示意
lovely, [ˋlʌvlɪ] adj. 可愛的
motorcycle, [ˋmotɚ͵saɪk!] n. 摩托車
lover, [ˋlʌvɚ] n. 戀人
movable, [ˋmuvəb!] adj. 可移動的
lower, [ˋloɚ] adj. 較低的
mass rapid transit, n. 大眾捷運系統 (MRT的全名)
luck, [lʌk] n. 運氣
subway, [ˋsʌb͵we] n. 地下鐵
underground, [ˋʌndɚ͵graʊnd] a.地下的
magazine, [͵mægəˋzin] n. 雜誌
metro, [ˋmɛtro] n.地鐵，捷運
magic, [ˋmædʒɪk] n. 魔法
mule, [mjul] n. 騾
magician, [məˋdʒɪʃən] n. 魔術師
multiply, [ˋmʌltəplaɪ] vt. vi. 乘
museum, [mjuˋzɪəm] n. 博物館
package, [ˋpækɪdʒ] n. 包裹
musician, [mjuˋzɪʃən] n. 音樂家
pain, [pen] n. 疼痛
nail, [nel] (1) n.釘子(2) vt.釘；揭穿 n.指甲
painful, [ˋpenfəl] adj. 疼痛的
naked, [ˋnekɪd] adj. 裸體的
painter, [ˋpentɚ] n. 畫家
napkin, [ˋnæpkɪn] n. 餐巾
painting, [ˋpentɪŋ] n. 繪畫
narrow, [ˋnæro] adj. 狹窄的
pajamas, [pəˋdʒæ məs] n. 睡衣褲
national, [ˋnæʃən!] adj. 全國性的
palm, [pɑm] n. 手心
natural, [ˋnætʃərəl] adj. 自然的；
pan, [pæ n] n. 平底鍋
naughty, [ˋnɔtɪ] adj. 頑皮的
panda, [ˋpændə] n. 貓熊
nearby, [ˋnɪr͵baɪ] adj. 附近的 adv.在附近
papaya, [pəˋpaɪə] n. 木瓜
nearly, [ˋnɪrlɪ] adv. 差不多
pardon, [ˋpɑrdn] n. vt. 原諒
neat, [nit] adj. 整齊的
parrot, [ˋpærət] n. 鸚鵡
necessary, [ˋnɛsə͵sɛrɪ] adj. 必要的
particular, [pɚˋtɪkjəlɚ] adj. 特定的
necklace, [ˋnɛklɪs] n. 項鍊
partner, [ˋpɑrtnɚ] n. 伙伴
needle, [ˋnid!] n. 針
passenger, [ˋpæsndʒɚ] n. 乘客
negative, [ˋnɛgətɪv] adj. 否定的
paste, [pest] vt. 用漿糊黏貼 n. 糊狀物
neighbor, [ˋnebɚ] n. 鄰居
pat, [pæ t] vt. vi. n. 輕拍
neither, [ˋniðɚ] adj. conj. adv. 兩者都不
path, [pæθ] n. 小徑
nephew, [ˋnɛfju] n. 姪兒；外甥
patient, [ˋpeʃənt](1)adj.有耐心的 (2 ) n.病人
nest, [nɛst] n. 巢
pattern, [ˋpætɚn] n. 圖案
net, [nɛt] n. 網
peace, [pis] n. 和平
niece, [nis] n. 姪女; 外甥女
peaceful, [ˋpisfəl] adj. 和平的
nobody, [ˋnobɑdɪ] n. pron. 沒有人
peach, [pitʃ] n. 桃子
nod, [nɑd] vi. vt. n. 點頭
peanut, [ˋpi͵nʌt] n. 花生
none, [nʌn] pron. adj. adv. 一個也沒
pear, [pɛr] n. 洋梨
noodle, [ˋnud!] n. 麵條
penguin, [ˋpɛngwɪn] n. 企鵝
northern, [ˋnɔrðɚn] adj. 北方的
pepper, [ˋpɛpɚ] n. 胡椒粉
notebook, [ˋnot͵bʊk] n. 筆記本
per, [pɚ] prep. 透過；每
novel, [ˋnɑv!] (1) adj. 新奇的 (2) n. 小說
perfect, [ˋpɝfɪkt] adj. 完美的
nut, [nʌt] n. 堅果
period, [ˋpɪrɪəd] n. 期間;句號
obey, [əˋbe] vt. vi. 服從
personal, [ˋpɝsn!] adj. 私人的
object, (1) [ˋɑbdʒɪkt] n.物體 (2) [əbˋdʒɛkt]vi. vt.反對
photograph, [ˋfotə͵græ f] n. 照片 (=photo)
photographer, [fəˋtɑgrəfɚ] n. 攝影師
occur, [əˋkɝ] vi. 發生
phrase, [frez] n. 片語
offer, [ˋɔfɚ] vt. vi. n. 提供
pick, [pɪk] vt. vi. n. 挑選
official, [əˋfɪʃəl] adj. 官方的
picnic, [ˋpɪknɪk] n. 野餐
omit, [oˋmɪt] vt. 省略
pigeon, [ˋpɪdʒɪn] n. 鴿子
onion, [ˋʌnjən] n. 洋蔥
pile, [paɪl] n. vt. vi. 堆
operate, [ˋɑpə͵ret] vt. vi. 營運
pillow, [ˋpɪlo] n. 枕頭
opinion, [əˋpɪnjən] n. 見解
pin, [pɪn] n. 大頭針 vt. 釘住
ordinary, [ˋɔrdn͵ɛrɪ] adj. 普通的
pineapple, [ˋpaɪn͵æp!] n. 鳳梨
organ, [ˋɔrgən] n. 器官
table tennis, n. 桌球 (=ping-pong)
organization, [͵ɔrgənəˋzeʃən] n. 機構
pink, [pɪŋk] n. adj. 粉紅色(的)
organize, [ˋɔrgə͵naɪz] vt. vi. 組織
pipe, [paɪp] n. 管
oven, [ˋʌvən] n. 烤箱
pitch, [pɪtʃ] n. 音高 vt. vi. 扔
overpass, [͵ovɚˋpæs] vt. n. 越過
pizza, [ˋpitsə] n. 披薩
overseas, [ˋovɚˋsiz] adv. adj. 在海外(的)
plain, [plen] (1) adj. 樸素的 (2) n.平原
owl, [aʊl] n. 貓頭鷹
planet, [ˋplænɪt] n. 行星
owner, [ˋonɚ] n. 所有人
plate, [plet] n. 盤子
ox, [ɑks] n. 公牛
platform, [ˋplæt͵fɔrm] n. 平臺
pack, [pæ k] n. vt. vi.包(裝)
playful, [ˋplefəl] adj. 愛玩耍的
pleasant, [ˋplɛzənt] adj. 舒適的
proud, [praʊd] adj. 驕傲的
pleasure, [ˋplɛʒɚ] n. 愉快
provide, [prəˋvaɪd] vt. vi. 提供
plus, [plʌs] prep. adj. n. 加上
pudding, [ˋpʊdɪŋ] n. 布丁
poem, [ˋpoɪm] n. 詩
pump, [pʌmp] n. vt. vi. 打氣
poet, [ˋpoɪt] n. 詩人
pumpkin, [ˋpʌmpkɪn] n. 南瓜
poison, [ˋpɔɪzn] n. 毒藥
punish, [ˋpʌnɪʃ] vt.懲罰
punishment, [ˋpʌnɪʃmənt] n.懲罰
policy, [ˋpɑləsɪ] n. 政策
pupil, [ˋpjup!] n. 學生；瞳孔
polite, [pəˋlaɪt] adj. 有禮貌的
puppet, [ˋpʌpɪt] n. 木偶
popular, [ˋpɑpjəlɚ] adj. 大眾的
puppy, [ˋpʌpɪ] n. 小狗
population, [͵pɑpjəˋleʃən] n. 人口
purse, [pɝs] n. 錢包
pork, [pork] n. 豬肉
puzzle, [ˋpʌz!] vt. vi. 感到迷惑 n. 難題
port, [port] n. 港
quality, [ˋkwɑlətɪ] n. 品質
pose, [poz] n. vi. vt. (擺)姿勢
quantity, [ˋkwɑntətɪ] n. 數量
positive, [ˋpɑzətɪv] adj. 積極的
quarter, [ˋkwɔrtɚ] n. 四分之一
possibility, [͵pɑsəˋbɪlətɪ] n. 可能性
quit, [kwɪt] vi. vt. 退出
post, [post] (1)n.崗位 vt.布置(崗哨等) (2)n.樁 vt.分發 (3)n.郵政 vt.郵寄；貼出
quiz, [kwɪz] n. vt. 測驗
rabbit, [ˋræbɪt] n. 兔
postcard, [ˋpost͵kɑrd] n. 明信片
rainy, [ˋrenɪ] adj. 下雨的
pot, [pɑt] n. 壺
range, [rendʒ] n. 山脈 vt. vi. 排列；變動
potato, [pəˋteto] n. 馬鈴薯
rapid, [ˋræpɪd] adj. 迅速的
pound, [paʊnd] (1) n. 磅 (2) vt. vi. 猛擊
rare, [rɛr] adj. 罕見的
powerful, [ˋpaʊɚfəl] adj. 強大的
rather, [ˋræðɚ] adv. 相當
praise, [prez] n. vt. 讚揚
reality, [riˋælətɪ] n. 現實
pray, [pre] vt. vi. 祈禱
realize, [ˋrɪə͵laɪz] vt. 了解
prefer, [prɪˋfɝ] vt. 寧可
recent, [ˋrisnt] adj. 最近的
presence, [ˋprɛzns] n. 出席
record, [ˋrɛkɚd] (1)記錄；唱片 [rɪˋkɔrd] (2)記錄
present, [ˋprɛznt] (1)adj.出席的 n. 禮物 (2)n.現在 (3)[prɪˋzɛnt] vt.呈現；贈送
rectangle, [rɛkˋtæŋg!] n.矩形
president, [ˋprɛzədənt] n. 總統
refrigerator, [rɪˋfrɪdʒə͵retɚ] n. 冰箱 (=icebox)
fridge, [frɪdʒ] n. 冰箱 (=icebox)
press, [prɛs] (1) n. 新聞界 (2) n. vt. vi. 壓
pride, [praɪd] n. 得意
refuse, [rɪˋfjuz] vt. vi. 拒絕
prince, [prɪns] n. 王子
regard, [rɪˋgɑrd] n. 關心 vt. vi. 注重
princess, [ˋprɪnsɪs] n. 公主
region, [ˋridʒən] n. 地區
principal, [ˋprɪnsəp!] (1) adj.主要的(2)n.校長
regular, [ˋrɛgjəlɚ] adj.有規律的
principle, [ˋprɪnsəp!] n. 原理
reject, [rɪˋdʒɛkt] vt. 拒絕
printer, [ˋprɪntɚ] n. 列印機
relation, [rɪˋleʃən] n. 關係
prison, [ˋprɪzn] n. 監獄
relationship, [rɪˋleʃənˋʃɪp] n. 關係
prisoner, [ˋprɪznɚ] n. 囚犯
repeat, [rɪˋpit] vt. vi. n. 重複
private, [ˋpraɪvɪt] adj. 私人的
reply, [rɪˋplaɪ] vi. vt. n. 答覆
prize, [praɪz] n. 獎賞
reporter, [rɪˋportɚ] n. 記者
produce, [prəˋdjus] vt. vi. 出產 [ˋprɑdjus] n. 農產品
require, [rɪˋkwaɪ]vt.要求，需要
requirement, [rɪˋkwaɪrmənt] n.必需(品)
respect, [rɪˋspɛkt] n. vt. 敬重
producer, [prəˋdjusɚ] n. 生產者
responsible, [rɪˋspɑnsəb!] adj. 負責任的
progress, [prəˋgrɛs] vi. 進行 [ˋprɑgrɛs] n. 進步
restaurant, [ˋrɛstərənt] n. 餐館
restroom, [rɛstrum] n. 洗手間
project, (1)[ˋprɑdʒɛkt] n.企劃 [prəˋdʒɛkt] vt.計畫 (2)[prəˋdʒɛkt]vt.vi.投射；伸出
result, [rɪˋzʌlt] vi. 發生 n. 結果
review, [rɪˋvju] vt. vi. n. 複習
promise, [ˋprɑmɪs] n. vt. vi. 承諾
riches, [ˋrɪtʃɪz] n. 財富
pronounce, [prəˋnaʊns] vt. vi. 發音
rock, [rɑk] (2) vt. 搖動
propose, [prəˋpoz] vt. vi. 提議
rocky, [ˋrɑkɪ] adj. 多岩石的；搖晃的
protect, [prəˋtɛkt] vt. 保護
role, [rol] n. 角色
royal, [ˋrɔɪəl] adj. 王室的
slide, [slaɪd] vt. vi. n. 滑動；幻燈片
rude, [rud] adj. 無禮的
slim, [slɪm] adj. 纖細的
ruler, [ˋrulɚ] n. 統治者
slip, [slɪp] vi. vt. n. 滑行
runner, [ˋrʌnɚ] n. 跑步者
slipper, [ˋslɪpɚ] n. 拖鞋
rush, [rʌʃ] vi. vt. n. 奔
snack, [snæ k] n. 點心
safety, [ˋseftɪ] n. 安全
snail, [snel] n. 蝸牛
sailor, [ˋselɚ] n. 水手
snowy, [snoɪ] adj. 下雪的
salad, [ˋsæləd] n. 沙拉
soccer, [ˋsɑkɚ] n. 足球
salty, [ˋsɔltɪ] adj. 有鹽分的
social, [ˋsoʃəl] adj. 社會的
sample, [ˋsæmp!] n. 樣本
society, [səˋsaɪətɪ] n. 社會
sandwich, [ˋsændwɪtʃ] n. 三明治
sock, [sɑk] n. 襪子
satisfy, [ˋsætɪs͵faɪ] vt. 使滿意
soldier, [ˋsoldʒɚ] n. 士兵
sauce, [sɔs] n. 醬汁
solution, [səˋluʃən] n. 解答
science, [ˋsaɪəns] n. 科學
solve, [sɑlv] vt. 解決
scientist, [ˋsaɪəntɪst] n. 科學家
somebody, [ˋsʌm͵bɑdɪ] pron. 有人 n. 要人
scissors, [ˋsɪzɚz] n. 剪刀
somewhere, [ˋsʌm͵hwɛr] adv. n. (在)某處
score, [skor] n. vt. vi. 得分
sort, [sɔrt] n. 種類 vt. 把……分類
screen, [skrin] n. 幕
source, [sors] n. 來源
search, [sɝtʃ] vt. vi. n. 搜查
southern, [ˋsʌðɚn] adj. 南方的
secret, [ˋsikrɪt] adj. 祕密的
soybean, [sɔɪbin] n. 大豆
secretary, [ˋsɛkrə͵tɛrɪ] n. 祕書
speaker, [ˋspikɚ] n. 演講者
section, [ˋsɛkʃən] n. 部分
speed, [spid] n. 速度 vi. vt. 加速
select, [səˋlɛkt] vt. vi. 挑選
spelling, [ˋspɛlɪŋ] n. 拼字
selection, [səˋlɛkʃən] n. 選拔
spider, [ˋspaɪdɚ] n. 蜘蛛
semester, [səˋmɛstɚ] n. 一學期
spinach, [ˋspɪnɪtʃ] n. 菠菜
separate, [ˋsɛpə͵ret] vt. vi.區分 adj. 個別的
spirit, [ˋspɪrɪt] n. 心靈
serious, [ˋsɪrɪəs] adj. 嚴重的
spot, [spɑt] n. 斑點
servant, [ˋsɝvənt] n. 僕人
spread, [sprɛd] vt. vi. n. 伸展
settle, [ˋsɛt!] vt. vi.安頓；定居
settlement, [ˋsɛt!mənt] n.安頓；定居
spring, [sprɪŋ] (2) n. 彈簧 vi. vt. 彈起
share, [ʃɛr] n. vt. vi.分攤
square, [skwɛr] n. 正方形
shelf, [ʃɛlf] n. 架子
squirrel, [ˋskwɝəl] n. 松鼠
shell, [ʃɛl] n. 殼
stage, [stedʒ] n. 舞臺
shock, [ʃɑk] n. vt. vi. 衝撞
stamp, [stæ mp] n. 郵票;印章
shoot, [ʃut] vt. vi. n. 發射
standard, [ˋstændɚd] n. 標準
shorts, [ʃɔrts] n. 運動短褲
steak, [stek] n. 牛排
shower, [ˋʃaʊɚ] n. vi. vt. 淋浴
steal, [stil] vt. vi. n. 竊取
shrimp, [ʃrɪmp] n. 蝦
steam, [stim] n. 蒸汽
sidewalk, [ˋsaɪd͵wɔk] n. 人行道
steel, [stil] n. 鋼
sign, [saɪn] n. 招牌
stick, [stɪk] (1) n.棒狀物 (2) vt.刺 vi.黏住
silence, [ˋsaɪləns] n. 寂靜
stomach, [ˋstʌmək] n. 胃
silent, [ˋsaɪlənt] adj. 沉默的
storm, [stɔrm] n. 暴風雨
silk, [sɪlk] n. 蠶絲
stove, [stov] n. 火爐
similar, [ˋsɪməlɚ] adj. 相像的
straight, [stret] adj. 挺直的
simply, [ˋsɪmplɪ] adv. 簡單地
stranger, [ˋstrendʒɚ] n. 陌生人
single, [ˋsɪŋg!] adj. 單一的
straw, [strɔ] n. 稻草
sink, [sɪŋk] (1) vi. vt. 下沉 (2) n. 水槽
strawberry, [ˋstrɔbɛrɪ] n. 草莓
skillful, [ˋskɪlfəl] adj. 熟練的
skilled, [skɪld] adj. 熟練的
stream, [strim] n. 溪流
skinny, [ˋskɪnɪ] adj. 極瘦的
stress, [strɛs] n. 壓力 vt. 強調
skirt, [skɝt] n. 裙子
stretch, [strɛtʃ] vt. vi. 伸縮 n. 伸展
sleepy, [ˋslipɪ] adj. 想睡的
strict, [strɪkt] adj. 嚴格的
slender, [ˋslɛndɚ] adj. 苗條的
strike, [straɪk] vt. vi. n. 打擊
string, [strɪŋ] n. 細繩
throat, [θrot] n. 喉嚨
struggle, [ˋstrʌg!] vi. vt. n. 奮鬥
through, [θru] prep. adv. 通過
subject, [ˋsʌbdʒɪkt] n. 主題 adj. 易受…的
throughout, [θruˋaʊt] prep. adv. 遍布
subtract, [səbˋtrækt] vt. vi. 減去
thumb, [θʌm] n. 拇指
subway, [ˋsʌb͵we] n. 地下鐵
thunder, [ˋθʌndɚ] n. 雷聲
succeed, [səkˋsid] vi. 成功 vt. 繼承
tip, [tɪp] n. 小費 vi. vt. 踮著腳走；給小費
success, [səkˋsɛs] n. 成就
title, [ˋtaɪt!] n. 標題
successful, [səkˋsɛsfəl] adj. 成功的
toast, [tost] n. vt. vi. 敬酒
sudden, [ˋsʌdn] adj. 突然的
toe, [to] n. 腳趾
suit, [sut] (1) n. 套 (2) vt. vi. 合適
tofu, [ˋtofu] 豆腐
sunny, [ˋsʌnɪ] adj. 陽光充足的
bean curd, [bin kɝd] n. 豆腐
supermarket, [ˋsupɚ͵mɑrkɪt] n. 超級市場
toilet, [ˋtɔɪlɪt] n. 廁所
supply, [səˋplaɪ] vt. n. 供給
tomato, [təˋmeto] n. 番茄
support, [səˋport] vt. n. 支持
tongue, [tʌŋ] n. 舌頭
surface, [ˋsɝfɪs] n. 表面
tooth, [tuθ] n. 牙齒
survive, [sɚˋvaɪv] vt. vi. 生存
topic, [ˋtɑpɪk] n. 題目
swallow, [ˋswɑlo](1)n.燕子 (2)n. vt. vi.嚥下
tour, [tʊr] n. vt. vi. 旅行
swan, [swɑn] n. 天鵝
towel, [ˋtaʊəl] n. 毛巾
sweater, [ˋswɛtɚ] n. 毛線衣
tower, [ˋtaʊɚ] n. 高樓
sweep, [swip] vt. vi. n. 清掃
track, [træ k] n. 足跡 vt. vi. 追蹤
swing, [swɪŋ] vi. vt. n. 擺動
trade, [tred] n. 貿易
symbol, [ˋsɪmb!] n. 象徵
tradition, [trəˋdɪʃən] n. 傳統
talent, [ˋtælənt] n. 才能
traditional, [trəˋdɪʃən!] adj. 傳統的
talkative, [ˋtɔkətɪv] adj. 健談的
traffic, [ˋtræfɪk] n. 交通
tangerine, [ˋtændʒə͵rin] n. 橘子
trap, [træ p] n. vt. vi. (設)陷阱
tank, [tæŋk] n. 槽; 戰車
travel, [ˋtræv!] n. vt. vi. 旅行
tape, [tep] n. 膠布
treasure, [ˋtrɛʒɚ] n. 財寶 vt. 珍愛
target, [ˋtɑrgɪt] n. 目標
treat, [trit] vt.治療；處理；請客 
treatment, [tritmənt] n.治療；處理；請客
task, [tæ sk] n. 任務
tasty, [ˋtestɪ] adj. 美味的
trial, [ˋtraɪəl] n. 考驗
team, [tim] n. 隊
triangle, [ˋtraɪ͵æŋg!] n. 三角（形）
tear, [ tɪr] n. 眼淚 (2)[tɛr] n. vt. vi. 撕開
trick, [trɪk] n. 詭計 vt. vi. 哄騙
teen, [tin] n. 青少年
trousers, [ˋtraʊzɚz] n. 長褲
teenage, [ˋtin͵edʒ] n. 青少年時期
truck, [trʌk] n. 卡車
teenager, [ˋtin͵edʒɚ] n. 青年
trumpet, [ˋtrʌmpɪt] n. 喇叭
telephone, [ˋtɛlə͵fon] n. 電話
trust, [trʌst] n. vt. vi. 信任
television, [ˋtɛlə͵vɪʒən] n. 電視 (=TV)
truth, [truθ] n. 實話
temple, [ˋtɛmp!] n. 寺廟
tube, [tjub] n. 管
tennis, [ˋtɛnɪs] n. 網球
tunnel, [ˋtʌn!] n. 隧道
tent, [tɛnt] n. 帳篷
turkey, [ˋtɝkɪ] n. 火雞
term, [tɝm] n. 期限
turtle, [ˋtɝt!] n. 海龜
test, [tɛst] n. vt. vi. 試驗
type, [taɪp] (1) n. 類型(2) vt. vi. 打字
terrible, [ˋtɛrəb!] adj. 可怕的
typhoon, [taɪˋfun] n. 颱風
terrific, [təˋrɪfɪk] adj. 極佳的
ugly, [ˋʌglɪ] adj. 難看的
textbook, [ˋtɛkst͵bʊk] n. 教科書
umbrella, [ʌmˋbrɛlə] n. 雨傘
theater, [ˋθɪətɚ] n. 電影院
underwear, [ˋʌndɚ͵wɛr] n. 內衣
therefore, [ˋðɛr͵for] adv. 因此
uniform, [ˋjunə͵fɔrm] n. 制服
thick, [θɪk] adj. 厚的
upon, [əˋpɑn] prep. 在……之上
thief, [θif] n. 小偷
upper, [ˋʌpɚ] adj. 上面的
thin, [θɪn] adj. 細的
used, [juzd] adj. 舊的
thirsty, [ˋθɝstɪ] adj. 口乾的
used to, (1) vi. phr. 過去時常 (2) adj. 習慣於 (be used to)
worth, [wɝθ] adj. n. 有（……的）價值
user, [ˋjuzɚ] n. 使用者
wound, [wund] n. 傷口
usual, [ˋjuʒʊəl] adj. 平常的
yard, [jɑrd] n. 庭院
vacation, [veˋkeʃən] n. 假期
youth, [juθ] n. 青春時代
valley, [ˋvælɪ] n. 山谷
zebra, [ˋzibrə] n. 斑馬
value, [ˋvælju] n. 價值 vt. 重視
victory, [ˋvɪktərɪ] n. 勝利
video, [ˋvɪdɪ͵o] n. 影片
village, [ˋvɪlɪdʒ] n. 村莊
violin, [͵vaɪəˋlɪn] n. 小提琴
visitor, [ˋvɪzɪtɚ] n. 參觀者
vocabulary, [vəˋkæbjə͵lɛrɪ] n. 字彙
volleyball, [ˋvɑlɪ͵bɔl] n. 排球
vote, [vot] n. vi. vt. 投票
voter, [ˋvotɚ] n. 投票人
waist, [west] n. 腰部
waiter, [ˋwetɚ] n. 服務生
waitress, [ˋwetrɪs] n. 女服務生
wake, [wek] vi. vt. 醒來 n. 守靈
wallet, [ˋwɑlɪt] n. 皮夾
waterfall, [ˋwɔtɚ͵fɔl] n. 瀑布
watermelon, [ˋwɔtɚ͵mɛlən] n. 西瓜
wave, [wev] n. 波浪 vt. vi. 揮手；起伏
weapon, [ˋwɛpən] n. 武器
wed, [wɛd] vt. vi. 結婚
weekday, [ˋwik͵de] n. 平日
western, [ˋwɛstɚn] adj. 西方的
wet, [wɛt] adj. 潮濕的
whale, [hwel] n. 鯨
whatever, [hwɑtˋɛvɚ]pron. adj.任何…的事物
wheel, [hwil] n. 輪子
whenever, [hwɛnˋɛvɚ] conj. adv. 每當
wherever, [hwɛrˋɛvɚ] conj. adv.無論在哪裡
whisper, [ˋhwɪspɚ] n. vi. vt. 耳語
whoever, [hʊˋɛvɚ] pron. 無論誰
widen, [ˋwaɪdn] vt. vi. 擴大
width, [wɪdθ] n. 寬度
wild, [waɪld] adj. 野生的
willing, [ˋwɪlɪŋ] adj. 願意的
windy, [ˋwɪndɪ] adj. 風大的
wing, [wɪŋ] n. 翅膀
winner, [ˋwɪnɚ] n. 優勝者
wire, [waɪr] n. 電線 vt. vi. 拍電報
wise, [waɪz] adj. 有智慧的
within, [wɪˋðɪn] prep. adv. 在……範圍內
without, [wɪˋðaʊt] prep. adv. 沒有
wolf, [wʊlf] n. 狼
wonder, [ˋwʌndɚ] vi. vt. 想知道 n. 奇蹟
wonderful, [ˋwʌndɚfəl] adj. 極好的
wooden, [ˋwʊdn] adj. 木製的
wool, [wʊl] n. 羊毛
aside, [əˋsaɪd] ad.在旁邊；到(或向)旁邊
assist, [əˋsɪst] vt.vi幫助，協助；支持
aboard, [əˋbord] ad.在船(或飛機，車)上；上船(或飛機，車)
athlete, [ˋæθlit] n.運動員，體育家
attempt, [əˋtɛmpt] vt.n.企圖，嘗試
acceptable, [əkˋsɛptəb!] a.可接受的
attitude, [ˋætətjud] n.態度，看法
accident, [ˋæksədənt] n.意外(事情)；災禍
attract, [əˋtrækt] vt.吸引；引誘
account1, [əˋkaʊnt] n.帳目；帳戶；說明
attractive, [əˋtræktɪv] a.迷人的；有魅力的
account, [əˋkaʊnt] vi.說明；對…負責(+for)
audience, [ˋɔdɪəns] n.觀眾，聽眾，讀者
accurate, [ˋækjərɪt] a.準確的；精確的
author, [ˋɔθɚ] n.作者，作家
ache, [ek] n.疼痛
automatic, [ɔtəˋmætɪk] a.自動的
achieve, [əˋtʃiv] vt.完成，實現
automobile, [ˋɔtəmə͵bɪl] n.【美】汽車(auto)
achievement, [əˋtʃivmənt] n.成就；達成
available, [əˋveləb!] a.在手邊的；可得到的
activity, [ækˋtɪvətɪ] n.活力；活動；行動[U]
avenue, [ˋævə͵nju] n.林蔭大道，馬路
actual, [ˋæktʃʊəl] a.實際的；現實的
average, [ˋævərɪdʒ] n.平均，平均數 a.平均的；一般的
additional, [əˋdɪʃən] a.額外的，附加的
admire, [ədˋmaɪr] vt.欽佩；欣賞
awake, [əˋwek] vt.喚醒… vi.醒來 a.醒著的
admit, [ədˋmɪt] vt.承認[+V-ing] [+(that)
awaken, [əˋwekən] vi.醒；覺醒 vt.喚醒
adopt, [əˋdɑpt]vt.採取；吸收；收養
award, [əˋwɔrd] vt.授予，給予 n.獎；獎品
advanced, [ədˋvænst] a.先進的；高級的
aware, [əˋwɛr] a.知道的，察覺的
advantage, [ədˋvæntɪdʒ] n.優點，優勢
awful, [ˋɔfʊl] a.可怕的，嚇人的；極糟的
adventure, [ədˋvɛntʃɚ] n.冒險，冒險活動
ax, [æ ks] n.(長柄)斧 (=axe)
advertise, [ˋædvɚ͵taɪz] v.為…做廣告
background, [ˋbæk͵graʊnd] n.背景；經歷
advertisement, [æ dvɚˋtaɪzmənt]n.廣告(ad)
bacon, [ˋbekən] n.培根；燻豬肉；鹹豬肉[U]
advice, [ədˋvaɪs]n.勸告，忠告
bacteria, [bæ k`tɪrɪə] n.[複]細菌
advise, [ədˋvaɪz] vt.勸告，忠告
bacterium, [bækˋtɪrɪəm] [單]細菌
adviser, [ədˋvaɪzɚ] n.顧問；導師 (=advisor)
badly, [ˋbædlɪ] ad.壞；拙劣地；嚴重地
affect, [əˋfɛkt]vt.影響；感動
badminton, [ˋbædmɪntən] n.羽毛球
afford, [əˋford] vt.(常與can、 could、 be able to連用)買得起；有足夠的…(去做…)
baggage, [ˋbægɪdʒ] n.【主美】行李[U]
bait, [bet] n.餌
afterward, [ˋæftɚwɚd] ad.之後，後來
balance, [ˋbæləns] n.平衡；均衡 vt.平衡
agriculture, [ˋægrɪ͵kʌltʃɚ] n.農業，農耕
bandage, [ˋbændɪdʒ] n.繃帶 vt.用繃帶包紮
air-conditioner, [ɛr kənˋdɪʃənɚ] n.冷氣機
bang, [bæŋ] vi.發出砰的一聲 vt.猛擊 n.砰砰的聲音
alley, [ˋælɪ]n.小巷，後街；小徑
amaze, [əˋmez] vt.使大為驚奇
bare, [bɛr]a.赤裸的；光禿禿的
amazement, [əˋmezmənt] n.驚奇，詫異
barely, [ˋbɛrlɪ] ad.幾乎沒有；僅僅
ambassador, [æmˋbæsədɚ] n.大使；使節
barn, [bɑrn] n.穀倉；馬房，牛舍
ambition, [æmˋbɪʃən] n.雄心，抱負，野心angel
barrel, [ˋbærəl] n.(中間粗兩端細的)大桶
angel, [ˋendʒ!] n.天使；守護神
bay, [be] n.海灣；河灣
angle, [ˋæŋg!] n.角；角度
beam1, [bim] n.樑；光線，光束
announce, [əˋnaʊns] v.宣布，發布，通知
beast, [bist] n.野獸；畜生
announcement, [əˋnaʊnsmənt] n.宣告
beggar, [ˋbɛgɚ] n.乞丐
apart, [əˋpɑrt] ad.分開地，有距離地
behave, [bɪˋhev] vi.表現；舉止 vt.使…守規矩
apparent, [əˋpærənt] a.明顯的
appeal, [əˋpil] vi.呼籲，懇求；吸引(+to)
being, [ˋbiɪŋ] n.存在，生命；生物
appreciate, [əˋpriʃɪ͵et] vt.欣賞；感謝
belly, [ˋbɛlɪ] n.肚子(同：stomach [ˋstʌmək]、 tummy [ˋtʌmɪ])
approach, [əˋprotʃ] v.接近，靠近 n.方法
approve, [əˋpruv] vt.贊成，同意；批准
abdomen, [ˋæbdəmən] n.腹；腹部
aquarium, [əˋkwɛrɪəm] n.魚缸；水族箱
beneath, [bɪˋniθ]prep. 在...之下
arithmetic, [əˋrɪθmətɪk] n.算術，計算[U]
benefit, [ˋbɛnəfɪt] n.利益，好處；優勢
arrival, [əˋraɪv!] n.到達
berry, [ˋbɛrɪ] n.莓果
ash, [æ ʃ] n.灰，灰燼
Bible, [ˋbaɪb!] n.聖經 (大寫)
billion, [ˋbɪljən] n.十億
cast1, [kæ st] n.vt.vi.投，擲
bingo, [ˋbɪŋgo] n.賓果遊戲；太好了[感歎]
cast, [kæ st] n.卡司(演員陣容)
biscuit, [ˋbɪskɪt] n.餅乾，小麵包
casual, [ˋkæʒʊəl] a.偶然的；非正式的
blame, [blem] vt.責備，指責 [(+on/for)]
caterpillar, [ˋkætɚ͵pɪlɚ] n.毛蟲
blanket, [ˋblæŋkɪt] n.毛毯，床罩
cattle, [ˋkæt!] n.牛群
bleed, [blid] vi.流血，出血
celebrate, [ˋsɛlə͵bret] vt.慶祝
bless, [blɛs] vt.保佑，庇護
centimeter, [ˋsɛntə͵mitɚ] n.公分
blouse, [blaʊz] n.(婦女，兒童的)短上衣
ceramic, [səˋræmɪk] n.陶器 a.陶器的
bold, [bold] a.大膽的；粗體的
chain, [tʃen] n.鏈，鏈條；連鎖店
boot, [but] n.(長筒)靴
challenge, [ˋtʃæ lɪndʒ] n.挑戰 vt.向…挑戰
border, [ˋbɔrdɚ] n.邊緣，邊界；國界
champion, [ˋtʃæ mpɪən] n.優勝者，冠軍
bore, [bor] vt.vi.鑽孔；挖井(或通道)
changeable, [ˋtʃendʒəb!] a.易變的
brake, [brek] vt.vi.煞車 n.煞車
channe,l [ˋtʃæ n!] n.頻道；水道；海峽
brass, [bræ s] n.黃銅
chapter, [ˋtʃæ ptɚ] n.(書籍的)章，回
bravery, [ˋbrevərɪ] n.勇敢，勇氣[U]
charm, [tʃɑrm] n.魅力；符咒
breast, [brɛst] n.乳房，胸部
chat, [tʃæ t] n.vi.閒談，聊天
breath, [brɛθ] n.呼吸，氣息
cheek, [tʃik] n.臉頰
breathe, [brið] vi.呼吸 vt.呼出；吸入
cheer, [tʃɪr] n.歡呼，喝采 vt.vi.(向…)歡呼；鼓舞
breeze, [briz] n.微風，和風
bride, [braɪd] n.新娘
cheerful, [ˋtʃɪrfəl] a.興高采烈的
brilliant, [ˋbrɪljənt] a.明亮的；才華橫溢的
cheese, [tʃiz] n.乳酪
brook, [brʊk] n.小河，小溪
cherry, [ˋtʃɛrɪ] n.櫻桃
broom, [brum] n.掃帚
chest, [tʃɛst] n.胸膛
brow, [braʊ] n.眉毛；額頭
chew, [tʃu] vt.咀嚼
bubble, [ˋbʌb!] n.氣泡 vi.冒泡 vt.使…冒泡
childhood, [ˋtʃaɪld͵hʊd] n.幼年時期
chill, [tʃɪl] n.寒冷
bucket, [ˋbʌkɪt] n.水桶(pail [pel])
chilly, [ˋtʃɪlɪ] a.寒冷的
bud, [bʌd] n.芽；花蕾
chimney, [ˋtʃɪmnɪ] n.煙囪
budget, [ˋbʌdʒɪt] n.預算
chip, [tʃɪp] n.碎片；薯條；晶片
buffalo, [ˋbʌf!͵o] n.水牛
choke, [tʃok] vt.vi.使窒息；哽住
buffet, [bəˋfe] n.自助餐
chop, [tʃɑp] n.vt.vi.砍，劈，斬
bulb, [bʌlb]n.燈泡
cigarette, [͵sɪgəˋrɛt] n.香煙
bull, [bʊl] n.公牛
circus, [ˋsɝkəs] n.馬戲團
bullet, [ˋbʊlɪt] n.子彈
civil, [ˋsɪv!] a.公民的
bump, [bʌmp] n.vt.vi.碰，撞
classical, [ˋklæsɪk!] a.古典的
bunch, [bʌntʃ] n.串，束
click, [klɪk] n.卡嗒聲 vt.vi.發出卡嗒聲
burden, [ˋbɝdn] n.重擔；負擔
client, [ˋklaɪənt] n.委託人；客戶
burglar, [ˋbɝglɚ] n.破門盜竊者，夜賊
clinic, [ˋklɪnɪk] n.診所
bury, [ˋbɛrɪ] vt.埋葬，安葬
clip, [klɪp]vt.剪；修剪n.剪；修剪；短片
bush, [bʊʃ] n.灌木，灌木叢
clue, [klu] n.線索，跡象
buzz, [bʌz] n.vi.vt.(蜂)嗡嗡叫；(機器)唧唧響
cocktail, [ˋkɑk͵tel] n.雞尾酒
cabin, [ˋkæbɪn] n.客艙；小木屋
coconut, [ˋkokə͵nət] n.椰子
campus, [ˋkæmpəs] n.校園
collar, [ˋkɑlɚ] n.衣領；項圈
cane, [ken] n.手杖；拐杖
collection, [kəˋlɛkʃən] n.收集；收藏品
canoe, [kəˋnu] n.獨木舟
college, [ˋkɑlɪdʒ] n.大學；學院
canyon, [ˋkænjən] n.峽谷
colony, [ˋkɑlənɪ] n.殖民地
capable, [ˋkepəb] a.有能力的；能幹的
column, [ˋkɑləm] n.圓柱；(報紙的)欄，段；縱列
capital1, [ˋkæpət!] n.首都；大寫字母；資本
combine, [kəmˋbaɪn] vt.結合
capture, [ˋkæptʃɚ] vt.捕獲；俘虜
comfort, [ˋkʌmfɚt] n.舒適；安慰 vt.安慰
carpenter, [ˋkɑrpəntɚ] n.木匠
comma, [ˋkɑmə] n.逗號
carriage, [ˋkærɪdʒ] n.四輪馬車；[美]嬰兒車
command, [kəˋmænd]vt.n.命令
commercial, [kəˋmɝʃəl] n.電視廣告 a.商業的
dash, [dæ ʃ]vt.vi.n.猛撞；猛衝 n.破折號
committee, [kəˋmɪtɪ] n.委員會
deafen, [ˋdɛfn] vt.使聾；使聽不見
communicate, [kəˋmjunə͵ket] vt.vi.溝通
dealer, [ˋdilɚ] n.經銷商；發牌者
comparison, [kəmˋpærəsn] n.比較
decade, [ˋdɛked] n.十年
compete, [kəmˋpit] vi.競爭；比賽
deck, [dɛk] n.艙面，甲板；(紙牌的)一副
complaint, [kəmˋplent] n.抱怨
deed, [did] n.行為；功績
complex, [ˋkɑmplɛks] a.複雜的
deepen, [ˋdipən] vt.vi.使變深；加深
concern, [kənˋsɝn]vt.關於；關心 n.關心
define, [dɪˋfaɪn] vt.給...下定義
concert, [ˋkɑnsɚt] n.音樂會
definition, [dɛfəˋnɪʃən] n.定義
conclude, [kənˋklud] vt.vi.結束；斷定
delivery, [dɪˋlɪvərɪ] n.投遞；分娩
conclusion, [kənˋkluʒən] n.結論；結局
democracy, [dɪˋmɑkrəsɪ] n.民主；民主制度
condition, [kənˋdɪʃən] n.情況；條件
democratic, [͵dɛməˋkrætɪk] a.民主的
cone, [kon] n.圓錐體；甜筒
deposit, [dɪˋpɑzɪt] n.存款[C]；保證金 vt.存錢
confident, [ˋkɑnfədənt] a.有信心的
confuse, [kənˋfjuz] vt.使…困惑
description, [dɪˋskrɪpʃən] n.描寫；形容
connect, [kəˋnɛkt] vt.vi.連接，連結
designer, [dɪˋzaɪnɚ] n.設計者；時裝設計師
connection, [kəˋnɛkʃən] n.連接；聯絡
desirable, [dɪˋzaɪrəb!] a.值得嚮往(擁有)的
conscious, [ˋkɑnʃəs] a.神志清醒的，有知覺的
destroy, [dɪˋstrɔɪ] vt.毀壞，破壞
considerable, [kənˋsɪdərəb!] a.相當大(多)的
detail, [ˋditel] n.細節；詳情
consideration, [kənsɪdəˋreʃən] n.考慮；體貼
determine, [dɪˋtɝmɪn] vt.決定
constant, [ˋkɑnstənt] a.固定的，不變的
devil, [ˋdɛv!] n.魔鬼，惡魔
continent, [ˋkɑntənənt] n.洲；大陸
dialogue, [ˋdaɪə͵lɔg] n.對話；交談
contract, [ˋkɑntræ kt] n.契約；合同
diet, [ˋdaɪət] n.節食；飲食
couch, [kaʊtʃ] n.長沙發
diligent, [ˋdɪlədʒənt] a.勤勉的，勤奮的
countable, [ˋkaʊntəb!] a.可計算的；可數的
dim, [dɪm] a.微暗的；暗淡的 v.變暗淡
coward, [ˋkaʊɚd] n.懦夫，膽怯者
dime, [daɪm] n.一角
cradle, [ˋkred!] n.搖籃
dine, [daɪn] vi.進餐，用餐
crash, [kræ ʃ] 【電腦】當機 vi.n.碰撞；(飛機等)墜毀
dip, [dɪp] vt.浸；泡
dirt, [dɝt] n.汙物；爛泥
crawl, [krɔl] vi.爬
disappoint, [͵dɪsəˋpɔɪnt] vt.使…失望
creative, [krɪˋetɪv] a.有創意的
disappointment, [͵dɪsəˋpɔɪntmənt] n.失望
creator, [krɪˋetɚ] n.創造者
disco, [ˋdɪsko] n.迪斯科舞廳
creature, [ˋkritʃɚ] n.生物
discotheque, [͵dɪskəˋtɛk] n.迪斯科舞廳
credit, [ˋkrɛdɪt] n.賒帳；信用；功勞
discount, [ˋdɪskaʊnt] n.折扣 vt.將…打折
creep, [krip] vi.躡手躡足地走
discovery, [dɪsˋkʌvərɪ] n.發現
crew, [kru] n.全體機組人員
disease, [dɪˋziz] n.病，疾病
cricket, [ˋkrɪkɪt] n.蟋蟀；【體】板球
disk, [dɪsk] n.圓盤；唱片；碟片；鐵餅(=disc)
criminal, [ˋkrɪmən!] n.罪犯 a.犯罪的
dislike, [dɪsˋlaɪk] vt.n.不喜愛，厭惡
crisp, [krɪsp] a.脆的 同：crispy
ditch, [dɪtʃ] n.水溝；壕溝
crown, [kraʊn] n.王冠
dive, [daɪv] vi.n.跳水；潛水；俯衝
crunchy, [ˋkrʌntʃɪ] a.發嘎吱嘎吱聲的
dock, [dɑk] n.碼頭
crutch, [krʌtʃ] n.(支在腋下的)撐拐
dodge, [dɑdʒ] vt.閃開，躲開
cultural, [ˋkʌltʃərəl] a.文化的
domestic, [dəˋmɛstɪk] a.家庭的；國內的
cupboard, [ˋkʌbɚd] n.碗櫃
dose, [dos] n.(藥物等的)一劑，一服
current, [ˋkɝənt] n.水流，氣流；電流 a.現時的；當前的
doubtful, [ˋdaʊtfəl] a.懷疑的，疑惑的
drain, [dren] vt.排出(液體)；使流出 n.排水管
cycle, [ˋsaɪk!] n.週期
dairy, [ˋdɛrɪ] n.乳品場
dramatic, [drəˋmætɪk] a.戲劇的；戲劇性的
dam, [dæ m] n.水壩
drip, [drɪp] vt.vi.n.滴(下)
dare, [dɛr] aux.敢 vt.敢
drown, [draʊn] vt.把…淹死 vi.溺死
darling, [ˋdɑrlɪŋ] n.心愛的人
drowsy, [ˋdraʊzɪ] a.昏昏欲睡的；困倦的
drunk, [drʌŋk] a.喝醉(酒)的
experiment, [ɪkˋspɛrəmənt] n.實驗；試驗
due, [dju] a.到期的；應支付的
explode, [ɪkˋsplod] vt.使爆炸 vi.爆炸
dump, [dʌmp] vt.傾倒；拋棄 n.垃圾場
export, [ˋɛksport] n.輸出，出口 [ɪksˋport] v.輸出，出口
dust, [dʌst] n.灰塵，塵土
eager, [ˋigɚ] a.熱心的；急切的
expression, [ɪkˋsprɛʃən] n.表達；措辭
earnings, [ˋɝnɪŋz] n.收入，工資
expressive, [ɪkˋsprɛsɪv] a.表現的；表情豐富的
echo, [ˋɛko] n.回聲；回響 v.發出回音
extreme, [ɪkˋstrim] n.極端，末端 a.極端的
edit, [ˋɛdɪt] vt.編輯；校訂
fable, [ˋfeb!] n.寓言
edition, [ɪˋdɪʃən] n.(發行物的)版；版本
factor, [ˋfæktɚ] n.因素
fade, [fed] vi.凋謝，枯萎；褪色
editor, [ˋɛdɪtɚ] n.編輯
faint, [fent] a.頭暈的 vi.昏厥
educate, [ˋɛdʒə͵ket] vt.教育
fairly, [ˋfɛrlɪ] a.公平地；相當地
educational, [͵ɛdʒʊˋkeʃən!] a.教育的
fairy, [ˋfɛrɪ] n.小妖精；仙女
efficient, [ɪˋfɪʃənt] a.效率高的
faith, [feθ] n.信念；信任
elbow, [ˋɛlbo] n.手肘 vt.架拐子
fake, [fek] vt.偽造；捏造 vi.假裝；做假動作 n.冒牌貨；仿冒品
elderly, [ˋɛldɚlɪ] a.年長的
election, [ɪˋlɛkʃən] n.選舉
familiar, [fəˋmɪljɚ] a.熟悉的；常見的
electric, [ɪˋlɛktrɪk] a.電的；電動的(electrical)
fan, [fæ n] n.狂熱者；歌(影、書)迷
electricity, [͵ɪlɛkˋtrɪsətɪ] n.電
fanatic, [fəˋnætɪk] n.狂熱者；歌(影、書)迷
electronic, [͵ɪlɛkˋtrɑnɪk] a.電子的
fancy, [ˋfænsɪ] n.愛好；迷戀 a.高貴的；花俏的
emergency, [ɪˋmɝdʒənsɪ] n.緊急情況
emperor, [ˋɛmpərɚ] n.皇帝
fare, [fɛr] n.(交通工具的)票價，車(船)費
emphasize, [ˋɛmfə͵saɪz] vt.強調
farther, [ˋfɑrðɚ] ad.(距離，時間)更遠地
employ, [ɪmˋplɔɪ] vt.僱用；使用
fashion, [ˋfæʃən] n.流行式樣；時尚
employment, [ɪmˋplɔɪmənt] n.僱用；工作
fashionable, [ˋfæʃənəb!] a.流行的；時髦的
fasten, [ˋfæsn] vt.紮牢；繫緊
employee, [͵ɛmplɔɪˋi] n.受僱者，雇員
fate, [fet] n.命運；天命
employer, [ɪmˋplɔɪɚ] n.僱主
faucet, [ˋfɔsɪt] n.水龍頭 同：tap1
empty, [ˋɛmptɪ] a.空的；未佔用的
fax, [fæ ks] n.傳真機 vt.傳真
enable, [ɪnˋeb!] vt.使能夠…
feather, [ˋfɛðɚ] n.羽毛
energetic, [͵ɛnɚˋdʒɛtɪk] a.精力旺盛的
feature, [fitʃɚ] n.特徵，特色
engage, [ɪnˋgedʒ] vt.吸引；佔用(時間、精力)；使訂婚
file, [faɪl] n.文件夾；檔案；卷宗
firework, [ˋfaɪr͵wɝk] n.煙火
engagement, [ɪnˋgedʒmənt] n.訂婚
fist, [fɪst] n.拳頭
engine, [ˋɛndʒən] n.引擎；火車頭；消防車
flame, [flem] n.火焰；火舌
engineer, [͵ɛndʒəˋnɪr] n.工程師
flavor, [ˋflevɚ] n.味道；風味
enjoyable, [ɪnˋdʒɔɪəb!] a.快樂的；有樂趣的
flea, [fli] n.跳蚤
entry, [ˋɛntrɪ] n.進入；入口；項目
flesh, [flɛʃ] n.肉，肌肉
environmental, [ɪn͵vaɪrənˋmɛnt!] a.環境的
float, [flot] vi.浮；漂浮
envy, [ˋɛnvɪ] n.vt.妒忌；羨慕
flock, [flɑk] n.(飛禽，牲畜等的)群 vi.聚集
erase, [ɪˋres] vt.擦掉，抹去
fold, [fold] vt.vi.n.摺疊
folk, [fok] n.人們；民族
escape, [əˋskep] vi.vt.n.逃跑；逃脫
follower, [ˋfɑləwɚ] n.追隨者；信徒
evil, [ˋiv!] a.邪惡的 n.邪惡
fond, [fɑnd] a.喜歡的；愛好的
excellence, [ˋɛks!əns] n.優秀；傑出；卓越
forehead, [ˋfɔr͵hɛd] n.額頭 同：brow [braʊ]
exchange, [[ɪksˋtʃendʒ] vt.vi.n.交換；調換
forever, [fɚˋɛvɚ] adv.永遠
exhibition, [͵ɛksəˋbɪʃən] n.展覽；展覽會
forth, [forθ] adv.向前
existence, [ɪgˋzɪstəns] n.存在
fortune, [ˋfɔrtʃən] n.財富；幸運
exit, [ˋɛksɪt] n.出口 vi.出去
found, [faʊnd] vt.建立；創辦
expectation, [͵ɛkspɛkˋteʃən] n.期待；預期
fountain, [ˋfaʊntɪn] n.泉水；噴泉；飲水機
expense, [ɪkˋspɛns] n.費用；經費；代價
freeze, [friz] vi.vt.結冰；凍牢
frequent, [ˋfrikwənt] a.時常發生的，頻繁的
hay, [he] n.乾草
friendship, [ˋfrɛndʃɪp] n.友誼；友好
headline, [ˋhɛd͵laɪn] n.(報紙等的)標題；頭條
frustrate, [ˋfrʌs͵tret] vt.挫敗；阻撓
headquarters, [ˋhɛdˋkwɔrtɚz] n.(軍，警的)司令部，總部
fry, [fraɪ] vt.油炸，油炒 n.炒菜；炸薯條
fund, [fʌnd] n.資金，基金
heal, [hil] vt.治癒 vi.痊癒
fur, [fɝ] n.毛皮
heap, [hip] n.(一)堆，堆積[C][(+of)]
furniture, [ˋfɝnɪtʃɚ] n.傢俱[U]
heaven, [ˋhɛvən] n.(常大寫)天國；上帝[U]
heel, [hil] n.腳後跟，踵
gallon, [ˋgælən] n.加侖
hell, [hɛl] n.(常大寫)地獄，冥府[U]
gamble, [ˋgæmb!] vt.vi.n.賭博；打賭
helmet, [ˋhɛlmɪt] n.頭盔；安全帽
gang, [gæŋ] n.(歹徒等的)一幫，一群
hesitate, [ˋhɛzə͵tet] vi.猶豫；躊躇
gap, [gæ p] n.裂口，缺口
hike, [haɪk] n.vi.遠足；(價格等)上升
garlic, [ˋgɑrlɪk] n.大蒜；蒜頭[U]
hint, [hɪnt] n.暗示
gasoline, [ˋgæsə͵lin] n.汽油[U] 同：gas
historian, [hɪsˋtorɪən] n.歷史學家
gesture, [ˋdʒɛstʃɚ] n.姿勢；手勢 vi.做手勢
historic, [hɪsˋtɔrɪk] a.歷史上著名的；歷史上有重大意義的
glance, [glæ ns] vi.vt.n.一瞥；掃視
global, [ˋglob!] a.球狀的
historical, [hɪsˋtɔrɪk!] a.歷史的，史學的
glory, [ˋglorɪ] n.光榮，榮譽[U]
hive, [haɪv] n.蜂房；蜂巢
glow, [glo] n.vi.發光；灼熱
hollow, [ˋhɑlo] a.空的，中空的
gossip, [ˋgɑsəp] n.vi.閒話，聊天；八卦
holy, [ˋholɪ] a.神聖的
governor, [ˋgʌvɚnɚ] n.【美】州長
hometown, [ˋhomˋtaʊn] n.故鄉，家鄉
gown, [gaʊn] n.(婦女穿的)長禮服
honesty, [ˋɑnɪstɪ] n.誠實
grab, [græ b] vt.vi.n.攫取，抓取
honor, [ˋɑnɚ] n.榮譽；(大學的)優等成績 vt.尊敬
gradual, [ˋgrædʒʊəl] a.逐漸的，逐步的
horn, [hɔrn] n.角；小號，號角
graduate, [ˋgrædʒʊ͵et] vt.【美】准…畢業 vi.畢業 [ˋgrædʒʊ͵ɪt] n.畢業生
horrible, [ˋhɔrəb!] a.可怕的；糟透的
horror, [ˋhɔrɚ] n.恐怖[U]；令人恐怖的事物[C]
hourly, [ˋaʊrlɪ] a.每小時的；以鐘點計算的
grain, [gren] n.穀粒[C]
housekeeper, [ˋhaʊs͵kipɚ] n.管家；主婦
gram, [græ m] n.克[C]
hug, [hʌg] n.vt.vi.緊抱；擁抱
grasp, [græ sp] vt.n.抓牢；領會，理解
humorous, [ˋhjumərəs] a.幽默的，詼諧的
grasshopper, [ˋgræs͵hɑpɚ] n.蚱蜢；蝗蟲[C]
hush, [hʌʃ] n.靜寂，沉默 vt.vi.使…沉默
greenhouse, [ˋgrin͵haʊs] n.溫室，暖房[C]
hut, [hʌt] n.(簡陋的)小屋
grin, [grɪn] vi.n.露齒而笑
icy, [ˋaɪsɪ] a.多冰的；冰冷的
grocery, [ˋgrosərɪ] n.食品雜貨(店)[C]
ideal, [aɪˋdiəl] a.理想的 n.理想
guardian, [ˋgɑrdɪən] n.保護者；【律】監護人
identity, [aɪˋdɛntətɪ] n.身分；同一(性)；相同
guidance, [ˋgaɪdns] n.指導；引導
ignorance, [ˋɪgnərəns] n.無知
gum, [gʌm] n.口香糖[U] 同：chewing gum
image, [ˋɪmɪdʒ] n.形象；印象
gymnasium, [dʒɪmˋnezɪəm] n.體育館；健身房(gym)
imagination, [ɪ͵mæ dʒəˋneʃən] n.想像力
immediate, [ɪˋmidɪɪt] a.立即的，即刻的
hairdresser, [ˋhɛr͵drɛsɚ] n.美髮師
import, [ˋɪmport] n.進口，輸入 [ɪmˋport] vt.
hallway, [ˋhɔl͵we] n.【美】玄關；門廳，走廊
impress, [ɪmˋprɛs] vt.給…極深的印象
handful, [ˋhændfəl] n.一把，一握[C][(+of)]
impressive, [ɪmˋprɛsɪv] a.予人深刻印象的
handy, [ˋhændɪ] a.【口】手邊的；近便的
indeed, [ɪnˋdid] adv.真正地，確實
harbor, [ˋhɑrbɚ] n.港灣，海港
individual, [͵ɪndəˋvɪdʒʊəl] n.個人 a.個人的
harm, [hɑrm] n.損傷，傷害[U]
indoor, [ˋɪn͵dor] a.室內的，戶內的
harmful, [ˋhɑrmfəl] a.有害的[(+to)]
indoors, [ˋɪnˋdorz] adv.在室內；往室內
harvest, [ˋhɑrvɪst] n.vt.vi.收穫
industrial, [ɪnˋdʌstrɪəl] a.工業的
hasty, [ˋhestɪ] a.匆忙的，急忙的
inferior, [ɪnˋfɪrɪɚ] a.較差的；下級的 n.(地位等)低於他人者；屬下
hatch, [hæ tʃ] vt.孵出
hawk, [hɔk] n.鷹，隼
inform, [ɪnˋfɔrm] vt.通知，告知
injure, [ˋɪndʒɚ] vt.(對人、動物的)傷害
leak, [lik] n.漏洞，裂縫 vi.vt.洩漏
injury, [ˋɪndʒərɪ] n.(對人、動物的)傷害
leap, [lip] n.vi.vt.跳，跳躍
inn, [ɪn] n.小旅館，客棧
leather, [ˋlɛðɚ] n.皮革[U] a.皮的
inner, [ˋɪnɚ] a.內部的，裡面的
leisure, [ˋliʒɚ] n.閒暇，空暇時間 a.空閒的
innocent, [ˋɪnəsnt] a.無罪的，清白的；天真的
lengthen, [ˋlɛŋθən] vt.vi.加長，延長
inspect, [ɪnˋspɛkt] vt.檢查；審查
lens, [lɛnz] n.透鏡；鏡片
inspector, [ɪnˋspɛktɚ] n.檢查員；視察員
liar, [ˋlaɪɚ] n.說謊的人
instead, [ɪnˋstɛd] adv.反而，卻
liberal, [ˋlɪbərəl] a.開明的，公允的；自由的
instruction, [ɪnˋstrʌkʃən] n.教學；指示；操作指南
liberty, [ˋlɪbɚtɪ] n.自由；自由權
librarian, [laɪˋbrɛrɪən] n.圖書館館長；圖書館員
internal, [ɪnˋtɝn!] a.內部的；內在的；國內的
lifeboat, [ˋlaɪf͵bot] n.救生艇
interrupt, [͵ɪntəˋrʌpt] vt.打斷；阻礙
lifeguard, [ˋlaɪf͵gɑrd] n.救生員
introduction, [͵ɪntrəˋdʌkʃən] n.介紹；引進
lifetime, [ˋlaɪf͵taɪm] n.一生，終身 a.一生的，終身的
inventor, [ɪnˋvɛntɚ] n.發明家
investigate, [ɪnˋvɛstə͵get] vt.調查，研究
lighthouse, [ˋlaɪt͵haʊs] n.燈塔
ivory, [ˋaɪvərɪ] n.象牙；乳白色
limb, [lɪm] n.肢；臂；腳；翼；四肢
jail, [dʒel] n.監獄；拘留所 vt.監禁
linen, [ˋlɪnən] n.[U]亞麻布
jar, [dʒɑr] n.罐，罈
lipstick, [ˋlɪp͵stɪk] n.口紅
jaw, [dʒɔ] n.下巴，下頜
litter, [ˋlɪtɚ] n.廢棄物 vt.vi.亂丟
jealous, [ˋdʒɛləs] a.妒忌的
lively, [ˋlaɪvlɪ] a.活潑的，輕快的
jelly, [ˋdʒɛlɪ] n.果凍
liver, [ˋlɪvɚ] n.肝臟
jet, [dʒɛt] n.噴射；噴射機
load, [lod] n.裝載；裝載量；負擔 vt.裝載
jewel, [ˋdʒuəl] n.[C]寶石
lobby, [ˋlɑbɪ] n.大廳；會客室 vt.對(議員等)進行遊說
jewelry, [ˋdʒuəlrɪ] n.[U]【美】(總稱)珠寶；首飾
journal, [ˋdʒɝn!] n.雜誌，期刊；日記
lobster, [ˋlɑbstɚ] n.龍蝦
journey, [ˋdʒɝnɪ] n.旅行 vi.旅行
lollipop, [ˋlɑlɪ͵pɑp] n.棒棒糖
joyful, [ˋdʒɔɪfəl] a.高興的，充滿喜悅的
loose, [lus] a.鬆的，寬的；鬆散的
jungle, [ˋdʒʌŋg!] n.叢林，密林
loosen, [ˋlusn] vt.vi.鬆開，解開
junk, [dʒʌŋk] n.[U]假貨；垃圾；廢話
lord, [lɔrd] n.統治者；君主；上帝；閣下
justice, [ˋdʒʌstɪs] n.[U]正義；公平；司法
loudspeaker, [ˋlaʊdˋspikɚ] n.擴聲器，喇叭
kangaroo, [͵kæŋgəˋru] n.袋鼠
luggage, [ˋlʌgɪdʒ] n.[U]【主英】行李
kettle, [ˋkɛt!] n.水壺
lullaby, [ˋlʌlə͵baɪ] n.催眠曲，搖籃曲
keyboard, [ˋki͵bord] n.鍵盤；鍵盤樂器
lung, [lʌŋ] n.肺，肺臟
kidney, [ˋkɪdnɪ] n.腎臟
magical, [ˋmædʒɪk!] a.魔術的，魔法的
kilogram, [ˋkɪlə͵græ m] n.公斤(kg)
magnet, [ˋmægnɪt] n.磁鐵，磁石
kilometer, [ˋkɪlə͵mitɚ] n.公里(km)
maid, [med] n.少女，(未婚的)年輕女子；女僕
kit, [kɪt] n.成套工具；工具箱[
major, [ˋmedʒɚ] a.主要的；主修的；成年的；【音】大調的n.陸軍少校，主修；【音】大調
major, [ˋmedʒɚ] vi.主修 [(+in)]
kneel, [nil] vi.跪(下)
knight, [naɪt] n.騎士，武士
knit, [nɪt] vt.vi.編織
knob, [nɑb] n.球形把手；門把
knot, [nɑt] n.(繩等的)結；(樹幹的)節疤
majority, [məˋdʒɔrətɪ] n.大多數，過半數
label, [ˋleb!] n.貼紙；標籤 vt.貼標籤於…；歸類於…
mall, [mɔl] n.購物中心
manage, [ˋmænɪdʒ] vt.管理；經營；設法做到[+to-v]
lace, [les] n.鞋帶；花邊；飾帶
ladder, [ˋlædɚ] n.梯子
latter, [ˋlætɚ] a.後面的；後者的
management, [ˋmænɪdʒmənt] n.管理；經營[U]
laughter, [ˋlæftɚ] n.[U]笑；笑聲
manageable, [ˋmænɪdʒəb!] a.易辦的；可管理的
laundry, [ˋlɔndrɪ] n.洗衣店；[U]送洗的衣服；洗好的衣服
manager, [ˋmænɪdʒɚ] n.負責人；主任，經理
mankind, [ˋmæn͵kaɪnd] n.[U]男人；人類
lawn, [lɔn] n.草坪，草地
manners, [ˋmænɚz] n.禮貌；規矩
marble, [ˋmɑrb!] n.大理石[U]；彈珠[C]
moisture, [ˋmɔɪstʃɚ] n.濕氣；水分
march, [mɑrtʃ] n.行軍；遊行抗議；進行曲[C]vi.(齊步)前進；行軍
monk, [mʌŋk] n.和尚；僧侶；修道士
mood, [mud] n.心情，心境
marvelous, [ˋmɑrvələs] a.令人驚歎的；非凡的
mop, [mɑp] n.拖把 vt.vi.用拖把拖洗
mathematical, [͵mæθəˋmætɪk!] a.數學的
moral, [ˋmɔrəl] a.道德(上)的
mathematics, [͵mæθəˋmætɪks] n.數學(math)
motel, [moˋtɛl] n.汽車旅館
mature, [məˋtjʊr] a.成熟的 vi.vt.變成熟
motor, [ˋmotɚ] n.馬達，發動機
mayor, [ˋmeɚ] n.市長，鎮長
murder, [ˋmɝdɚ] n.謀殺；謀殺罪 vt.vi.謀殺
meadow, [ˋmɛdo] n.草地，牧草地
muscle, [ˋmʌs!] n.肌肉
meaningful, [ˋminɪŋfəl] a.有意義的；意味深長的
mushroom, [ˋmʌʃrʊm] n.蘑菇 vi.雨後春筍般地湧現
meanwhile, [ˋmin͵hwaɪl] n.其時 adv.在此同時
musical, [ˋmjuzɪk!] a.音樂的
medal, [ˋmɛd!] n.獎章，紀念章，勛章
mystery, [ˋmɪstərɪ] n.神祕[U]；神祕的事物[C]
medical, [ˋmɛdɪk!] a.醫學的；醫療的
nanny, [ˋnænɪ] n.【主英】保姆
medium, [ˋmidɪəm] n.中間，中庸；媒體(複數media[`midɪə] n.新聞媒體)
nap, [næ p] n.打盹兒，午睡[C]
native, [ˋnetɪv] a.天生的；祖國的；土著的 n.本地人，本國人
melt, [mɛlt] vt.vi.融化；熔化
membership, [ˋmɛmbɚ͵ʃɪp] n.會員身分(或地位、資格)[U]
navy, [ˋnevɪ] n.海軍
necessity, [nəˋsɛsətɪ] n.需要，必要性[U]；必需品[C]
memorize, [ˋmɛmə͵raɪz] vt.記住；背熟
mend, [mɛnd] vt.修理，修補
necktie, [ˋnɛk͵taɪ] n.領帶
mental, [ˋmɛnt!] a.精神的，心理的
neighborhood, [ˋnebɚ͵hʊd] n.鄰近地區
mention, [ˋmɛnʃən] vt.提到，說起[+V-ing]
nerve, [nɝv] n.神經[C]
merchant, [ˋmɝtʃənt] n.商人
nervous, [ˋnɝvəs] a.神經質的；緊張不安的
merry, [ˋmɛrɪ] a.歡樂的，愉快的
network, [ˋnɛt͵wɝk] n.廣播(電視)網；電腦網路
mess, [mɛs] n.混亂 vt.弄亂
nickname, [ˋnɪk͵nem] n.綽號 vt.給…起綽號
microphone, [ˋmaɪkrə͵fon] n.麥克風(mike)
noble, [ˋnob!] a.高貴的，高尚的
microwave, [ˋmaɪkro͵wev] n.微波爐 vt.用微波爐熱(食物)
normal, [ˋnɔrm!] a.正常的，正規的
novelist, [ˋnɑv!ɪst] n.小說家
might, [maɪt] aux. (may 的過去式)可能；可以
nun, [nʌn] n.尼姑；修女
mighty, [ˋmaɪtɪ] a.強大的；強有力的
mill, [mɪl] n.磨坊；麵粉廠
oak, [ok] n.橡樹[C]；橡木[U]
millionaire, [͵mɪljənˋɛr] n.百萬富翁
observe, [əbˋzɝv] vt.vi.觀察；看(注意)到
miner, [ˋmaɪnɚ] n.礦工
obvious, [ˋɑbvɪəs] a.明顯的；顯著的
minor, [ˋmaɪnɚ] a.較小的；較少的；次要的；未成年的(大學學科)副修的
minor, [ˋmaɪnɚ] n.未成年人；副修科目 【音】小調的 vi.【主美】副修，兼修[(+in)]
occasion, [əˋkeʒən] n.場合，時機
odd, [ɑd] a.奇特的，古怪的；奇數的
onto, [ˋɑntu] prep. 到...之上
operator, [ˋɑpə͵retɚ] n.操作者；接線生
opportunity, [͵ɑpɚˋtjunətɪ] n.機會
minority, [maɪˋnɔrətɪ] n.少數；少數民族；未成年身分
opposite, [ˋɑpəzɪt] n.對立(相反)物 a.相反的 prep.在…對面
miracle, [ˋmɪrək!] n.奇蹟；奇蹟般的人(或物)
optimistic, [͵ɑptəˋmɪstɪk] a.樂觀的
misery, [ˋmɪzərɪ] n.不幸；悲
origin, [ˋɔrədʒɪn] n.起源；開端；出身
missile, [ˋmɪs!] n.飛彈，導彈
original, [əˋrɪdʒən!] a.最初的，原始的；有獨創性的
missing, [ˋmɪsɪŋ] a.失蹤的，行蹤不明的
mission, [ˋmɪʃən] n.使命，任務
orphan, [ˋɔrfən] n.孤兒
mist, [mɪst] n.薄霧
ought to, [ˋɔtə] aux.(表示義務，責任，願望等)應當，應該
mixture, [ˋmɪkstʃɚ] n.混合，混合物
mob, [mɑb] n.暴民
outdoor, [ˋaʊt͵dor] a.戶外的，露天的
mobile, [ˋmobɪl] a.可動的，移動式的
outdoors, [ˋaʊtˋdorz] adv.在戶外，在野外
moist, [mɔɪst] a.潮濕的；含淚的
outer, [ˋaʊtɚ] a.外面的，外表的
outline, [ˋaʊt͵laɪn] n.外形；輪廓；概要 vt.畫出…的輪廓
plenty, [ˋplɛntɪ] n.豐富；充足
plug, [plʌg] n.插頭，插塞 vt.把...塞住，堵塞
overcoat, [ˋovɚ͵kot] n.外套，大衣
plum, [plʌm] n.李子；梅子
owe, [o] vt.欠(債等)；把...歸功於
plumber, [ˋplʌmɚ] n.水管工人
ownership, [ˋonɚ͵ʃɪp] n.所有權；物主身分
pole, [pol] n.柱；竿
pad, [pæ d] n.襯墊；護墊；便條紙簿；印泥
political, [pəˋlɪtɪk!] a.政治的
pail, [pel] n.提桶
politician, [͵pɑləˋtɪʃən] n.政治家；政客
pal, [pæ l] n.【口】伙伴；好友
politics, [ˋpɑlətɪks] n.政治(學)
palace, [ˋpælɪs] n.皇宮，宮殿
poll, [pol] n.投票，選舉；民意測驗
pale, [pel] a.蒼白的，灰白的
pollute, [pəˋlut] vt.汙染
pancake, [ˋpæn͵kek] n.薄煎餅，薄烤餅
pony, [ˋponɪ] n.小馬
panic, [ˋpænɪk] n.恐慌，驚慌 vt.vi.(使)驚慌 a.驚慌的
pop, [pɑp] vt.爆裂 vi.發出砰(或啪)的響聲
pop, [pɑp] a.通俗的，流行的 (popular)
parade, [pəˋred] n.vi.行進，遊行
porcelain, [ˋpɔrslɪn] n.瓷；(總稱)瓷器[U] (china)
paradise, [ˋpærə͵daɪs] n.天堂；樂園
portion, [ˋporʃən] n.部分
parcel, [ˋpɑrs!] n.小包，包裹
portrait, [ˋportret] n.肖像，畫像
participate, [pɑrˋtɪsə͵pet] vi.參加，參與[(+in)]
postage, [ˋpostɪdʒ] n.郵資
passage, [ˋpæsɪdʒ] n.通行；通路；走廊；(文章，樂曲等的)一段
poster, [ˋpostɚ] n.海報，廣告(畫)；布告
postpone, [postˋpon] vt.vi.延遲，延緩
passion, [ˋpæʃən] n.熱情，激情
postponement, [postˋponmənt] n.延期；延緩
passport, [ˋpæs͵port] n.護照；通行證
pottery, [ˋpɑtərɪ] n.陶器[U] (ceramic(s))
password, [ˋpæs͵wɝd] n.密碼：口令；暗語
pour, [por] vt.倒，灌，注
patience, [ˋpeʃəns] n.耐心；忍耐；耐性
poverty, [ˋpɑvɚtɪ] n.貧窮，貧困
pause, [pɔz] n.vi.暫停；中斷
powder, [ˋpaʊdɚ] n.粉，粉末
pave, [pev] vt.鋪設，築(路等)
practical, [ˋpræktɪk!] a.實際的；實用的
pavement, [ˋpevmənt] n.【英】人行道[
prayer, [prɛr] n.祈禱，禱告
paw, [pɔ] n.腳爪；爪子
precious, [ˋprɛʃəs] a.貴重的，珍貴的
pay, [pe] n.薪俸；報酬 (salary/wage(s))
preparation, [͵prɛpəˋreʃən] n.準備，預備
pea, [pi] n.豌豆
pressure, [ˋprɛʃɚ] n.壓力；壓迫
peak, [pik] n.山頂，山峰
pretend, [prɪˋtɛnd] vt.假裝
pearl, [pɝl] n.珍珠[C]
prevent, [prɪˋvɛnt] vt.防止，預防
peel, [pil] vt.削去…的皮，剝去…的殼
previous, [ˋpriviəs] a.以前的
peep, [pip] vi.n.窺，偷看
priest, [prist] n.牧師；神父
penny, [ˋpɛnɪ] n.【美】一分；一分硬幣[
primary, [ˋpraɪ͵mɛrɪ] a.首要的，主要的
perform, [pɚˋfɔrm] vt.vi.表演；執行
probable, [ˋprɑbəb!] a.很可能發生的
performance, [pɚˋfɔrməns] n.表演；執行
process, [ˋprɑsɛs] n.過程，進程 vt.加工
permission, [pɚˋmɪʃən] n.允許，許可
product, [ˋprɑdəkt] n.產品[C]
permit, [pɚˋmɪt] vt.允許，許可 [ˋpɝmɪt] n.許可證
profit, [ˋprɑfɪt] n.利潤，盈利 vi.vt.有益(於…)
program, [ˋprogræm] n.節目；計畫；【電腦】程式
personality, [͵pɝsnˋælətɪ] n.個性；人格
promote, [prəˋmot] vt.晉升；宣傳，推銷
persuade, [pɚˋswed] vt.說服，勸服
proof, [pruf] n.證據；物證
pest, [pɛst] n.害蟲；【口】討厭的人
proper, [ˋprɑpɚ] a.適合的，適當的
pickle, [ˋpɪk!] vt.醃製 n.(醃魚，蔬菜等的)鹽滷
property, [ˋprɑpɚtɪ] n.財產，資產[U]；特性[C]；道具
pill, [pɪl] n.藥丸，藥片
pilot, [ˋpaɪlət] n.領航員；(飛機等的)駕駛員
proposal, [prəˋpoz!] n.提議；求婚
pine, [paɪn] n.松樹[C] ；松木[U]
protection, [prəˋtɛkʃən] n.保護，防護
pint, [paɪnt] n.品脫(英美容量或液量名)
protective, [prəˋtɛktɪv] a.保護的，防護的
pit, [pɪt] n.窪坑，凹處
pub, [pʌb] n.酒吧
pity, [ˋpɪtɪ] n.憐憫；同情[U]；可惜的事，憾事[C] vt.同情…
punch, [pʌntʃ] n.拳打 vi.vt.用拳猛擊
pure, [pjʊr] a.純粹的，不攙雜的；純潔的
plastic, [ˋplæstɪk] a.塑膠的；塑性的
pursue, [pɚˋsu] vt.追趕；追求
quarrel, [ˋkwɔrəl] n.vi.爭吵
responsibility, [rɪ͵spɑnsəˋbɪlətɪ] n.責任
queer, [kwɪr] a.奇怪的，古怪的
restrict, [rɪˋstrɪkt] vt.限制；限定
quote, [kwot] vt.vi.引用；引述 n.引語，引文
reveal, [rɪˋvil] vt.vi.展現；暴露；洩露
racial, [ˋreʃəl] a.人種的，種族的
ribbon, [ˋrɪbən] n.緞帶；絲帶
radar, [ˋredɑr] n.雷達[C]
rid, [rɪd] vt.使免除；使擺脫
rag, [ræ g] n.破布，碎布
riddle, [ˋrɪd!] n.謎，謎語
raisin, [ˋrezn] n.葡萄乾[C]
ripe, [raɪp] a.成熟的
rank, [ræŋk] n.等級；地位 vi.vt.把…評級
risk, [rɪsk] n.危險，風險 vt.冒…的風險[+V-ing]
rate, [ret] n.比例；速度；等級 vt.對…估價；對…評價
roar, [ror] n.vt.vi.吼叫
roast, [rost] n.vt.vi.烤，炙，烘
raw, [rɔ] a.生的，未煮過的
rob, [rɑb] vt.vi.搶劫，劫掠
ray, [re] n.光線[C]；射線
robber, [ˋrɑbɚ] n.搶劫者，強盜
razor, [ˋrezɚ] n.剃刀[C]
robbery, [ˋrɑbərɪ] n.搶劫；盜取
react, [rɪˋækt] vi.反應[(+to)]
robe, [rob] n.長袍，罩袍；浴衣
reaction, [rɪˋækʃən] n.反應
rocket, [ˋrɑkɪt] n.火箭，飛彈
reasonable, [ˋriznəb!] a.合理的；有理智的
romantic, [rəˋmæntɪk] a.羅曼蒂克的；浪漫的
receipt, [rɪˋsit] n.收據
rot, [rɑt] vt.vi.腐爛，腐壞
receiver, [rɪˋsivɚ] n.收件人；接待人；電話聽筒
rotten, [ˋrɑtn] a.腐爛的
recognize, [ˋrɛkəg͵naɪz] vt.認出；識別；承認
rough, [rʌf] a.粗糙的；粗略的；粗野的
recorder, [rɪˋkɔrdɚ] n.記錄者；錄音機；直笛
routine, [ruˋtin] n.例行公事；日常工作；慣例
recover, [rɪˋkʌvɚ] vt.重新獲得；恢復 vi.恢復
rug, [rʌg] n.小地毯
reduce, [rɪˋdjus] vt.vi.減少；縮小；降低
rumor, [ˋrumɚ] n.謠言，謠傳
regional, [ˋridʒən!] a.地區的
rust, [rʌst] n.鏽，鐵鏽 vt.vi.生鏽
regret, [rɪˋgrɛt] vt.vi.n.懊悔；因…而遺憾
rusty, [ˋrʌstɪ] a.生鏽的；變遲鈍的
relate, [rɪˋlet] vt.講，敘述；使有聯繫
sack, [sæ k] n.粗布袋；麻袋 vt.洗劫
relax, [rɪˋlæks] vt.vi.鬆弛，鬆懈，放鬆
sake, [sek] n.理由；緣故
release, [rɪˋlis] vt.n.釋放，鬆開
satisfactory, [͵sæ tɪsˋfæktərɪ] a.令人滿意的
reliable, [rɪˋlaɪəb!] a.可信賴的；可靠的
saucer, [ˋsɔsɚ] n.淺碟
relief, [rɪˋlif] n.緩和，減輕；救濟；補助
sausage, [ˋsɔsɪdʒ] n.香腸，臘腸
religion, [rɪˋlɪdʒən] n.宗教
savings, [ˋsevɪŋz] n.儲金，存款
religious, [rɪˋlɪdʒəs] a.宗教的；虔誠的
scale, [skel] n.刻度；尺度；大小；規模
rely, [rɪˋlaɪ] vi.依靠，依賴
scarce, [skɛrs] a.缺乏的；不足的
remain, [rɪˋmen] vi.剩下；保持…
scarecrow, [ˋskɛr͵kro] n.稻草人
remind, [rɪˋmaɪnd] vt.提醒
scarf, [skɑrf] n.圍巾；披巾
remote, [rɪˋmot] a.遙遠的；偏僻的
scary, [ˋskɛrɪ] a.可怕的﹐駭人的
remove, [rɪˋmuv] vt.vi.移動，搬開；去掉，消除
scatter, [ˋskætɚ] n.vt.vi.撒；使分散
renew, [rɪˋnju] vt.vi.更新；復原
schedule, [ˋskɛdʒʊl] n.時間表；課程表
rent, [rɛnt] n.租金 vt.vi.出租
scholar, [ˋskɑlɚ] n.學者
repair, [rɪˋpɛr] vt.n.修理；修補
scholarship, [ˋskɑlɚ͵ʃɪp] n.獎學金[C]
replace, [rɪˋples] vt.取代
scientific, [͵saɪənˋtɪfɪk] a.科學的
replacement, [rɪˋplesmənt] n.取代
scoop, [skup] n.勺子；舀；鏟 vt.用勺舀，用鏟子鏟
represent, [͵rɛprɪˋzɛnt] vt.象徵；代表
representative, [rɛprɪˋzɛntətɪv] n.典型，代表物
scout, [skaʊt] n.偵察兵；偵察機；童子軍；球探，星探
republic, [rɪˋpʌblɪk] n.共和國
request, [rɪˋkwɛst] n.vt.要求，請求
scream, [skrim] n.vt.vi.尖叫
reserve, [rɪˋzɝv] vt.預約，預訂；保留 n.儲備(物)；儲備金；保留(物)
screw, [skru] n.螺釘 vt.vi.旋，擰
scrub, [skrʌb] vt.vi.用力擦洗
resist, [rɪˋzɪst] vt.vi.抵抗，反抗
seal1, [sil] n.海豹
resource, [rɪˋsors] n.資源；物力
seal, [sil] n.印章；封(印) vt.封，密封；蓋章
respond, [rɪˋspɑnd] vt.vi.作答，回答
secondary, [ˋsɛkən͵dɛrɪ] a.第二的；次要的；(教育、學校等)中等的
response, [rɪˋspɑns] n.回答；答覆
security, [sɪˋkjʊrətɪ] n.安全；保安；證券
somewhat, [ˋsʌm͵hwɑt] adv.有點，稍微
seek, [sik] vt.vi.尋找；探索
sore, [sor] a.痛的；疼痛發炎的
seize, [siz] vt.vi.抓住；捉住
sorrow, [ˋsɑro] n.悲痛，悲哀
seldom, [ˋsɛldəm] adv.不常，很少
spade, [sped] n.鏟；鍬；(撲克牌中的)黑桃
sensible, [ˋsɛnsəb!] a.明智的；可注意到的，
spaghetti, [spəˋgɛtɪ] n.義大利麵條
sensitive, [ˋsɛnsətɪv] a.敏感的；靈敏的
specific, [spɪˋsɪfɪk] a.特殊的，特定的；明確的
separation, [͵sɛpəˋreʃən] n.分開；分離；分居
spice, [spaɪs] n.香料，調味品
sew, [sew] vt.vi.縫合；縫上
spill, [spɪl] vt.vi.n.溢出；濺出
sex, [sɛks] n.性別；性，色情；性行為
spin, [spɪn] n.vi.vt.紡；作(繭)，結(網)；使(陀螺等)旋轉
sexual, [ˋsɛkʃʊəl] a.性的；性慾的
sexy, [ˋsɛksɪ] a.性感的
spit, [spɪt] vi.vi.吐口水；吐痰 n.唾液，口水
shade, [ʃed] n.蔭；陰涼處
spite, [spaɪt] n.惡意；怨恨
shadow, [ˋʃæ do] n.影子；陰影；幽靈
splash, [splæ ʃ] n.vi.vt.濺，潑
shady, [ˋʃedɪ] a.多蔭的
spoil, [spɔɪl] vt.損壞；寵壞，溺愛 vi.(食物等)變壞
shallow, [ˋʃæ lo] a.淺的膚淺的
shame, [ʃem] n.羞恥(心)；恥辱；帶來恥辱的人(或事)；憾事
sprain, [spren] n.vt.扭傷
spray, [spre] n.浪花，水花；噴霧 vt.vi.噴灑
shampoo, [ʃæmˋpu] n.洗髮精
sprinkle, [ˋsprɪŋk!] vt.vi.灑，噴淋
shave, [ʃev] vt.vi.刮(鬍)；剃…毛
spy, [spaɪ] n.間諜 vi.vt.暗中監視
shepherd, [ˋʃɛpɚd] n.牧羊人
squeeze, [skwiz] vt.vi.榨，擠，壓
shiny, [ˋʃaɪnɪ] a.發光的；晴朗的；擦亮的
stab, [stæ b] vt.vi.n.刺，戳
shorten, [ˋʃɔrtn] vt.vi.變短；縮短
stable, [ˋsteb!] n.馬棚；畜舍
shortly, [ˋʃɔrtlɪ] adv.立刻，馬上，不久
stadium, [ˋstedɪəm] n.體育場，運動場
shovel, [ˋʃʌv!] n.鏟子，鐵鍬 vt.用鏟鏟(起)；用鐵鍬挖
staff, [stæ f] n.(全體)職員，(全體)工作人員
stale, [stel] a.不新鮮的；陳舊的，無新意的
shrink, [ʃrɪŋk] vt.vi.收縮，縮短；縮水
stare, [stɛr] n.vi.盯，凝視
sigh, [saɪ] n.vi.vt.嘆氣，嘆息
starve, [stɑrv] vt.vi.餓死；挨餓
signal, [ˋsɪgn!] n.信號；暗號
statue, [ˋstætʃʊ] n.雕像，塑像
significant, [sɪgˋnɪfəkənt] a.有意義的；重要的
steady, [ˋstɛdɪ] a.穩固的，平穩的
similarity, [͵sɪməˋlærətɪ] n.相似[U]；相似點[C]
steep, [stip] a.陡峭的
sin, [sɪn] n.(宗教或道德上的)罪
stepchild, [ˋstɛp͵tʃaɪld] n.前配偶所生的孩子
sincere, [sɪnˋsɪr] a.衷心的，真誠的
stepfather, [ˋstɛp͵fɑðɚ] n.繼父，後父
sip, [sɪp] n.vi.vt.啜飲
stepmother, [ˋstɛp͵mʌðɚ] n.繼母，後母
situation, [͵sɪtʃʊˋeʃən] n.形勢；情況
stereo, [ˋstɛrɪo] n.立體音響裝置 a.立體聲的
skate, [sket] n.冰鞋 vi.溜冰
sticky, [ˋstɪkɪ] a.黏的
ski, [ski] n.滑雪屐；滑雪板 vt.vi.滑雪
stiff, [stɪf] a.(手足等)僵直的，僵硬的
skip, [skɪp] vt.vi.跳躍；跳繩；略過；漏掉
sting, [stɪŋ] n.vt.vi.刺，螫，叮
skyscraper, [ˋskaɪ͵skrepɚ] n.摩天樓
stir, [stɝ] vt.vi.攪拌，攪動；煽動
slave, [slev] n.奴隸
stitch, [stɪtʃ] n.一針；針腳；(縫合傷口的)針線
sleeve, [sliv] n.袖子；袖套
stocking, [ˋstɑkɪŋ] n.長襪
slice, [slaɪs] n.薄片，切片 vt.把…切成薄片
stool, [stul] n.凳子
slippery, [ˋslɪpərɪ] a.滑的；容易滑的
stormy, [ˋstɔrmɪ] a.暴風雨的；暴躁的
slope, [slop] n.斜坡；傾斜；坡度
strategy, [ˋstrætədʒɪ] n.戰略；策略
smooth, [smuð] a.平滑的，光滑的；流暢的
strength, [strɛŋθ] n.力，力量
snap, [snæ p] n.vi.vt.猛咬；突然折斷；快照拍攝
strip, [strɪp] vt.vi.剝去；剝奪
strip, [strɪp] n.條，帶；(報紙等)連環漫畫
solid, [ˋsɑlɪd] a.固體的；結實的 n.固體
structure, [ˋstrʌktʃɚ] n.結構；構造
someday, [ˋsʌm͵de] adv.將來有一天
stubborn, [ˋstʌbɚn] a.固執的，頑固的
somehow, [ˋsʌm͵haʊ] adv.以某種方式；不知怎麼的
studio, [ˋstjudɪ͵o] n.(畫家等的)工作室；攝影棚；製片廠
sometime, [ˋsʌm͵taɪm] adv.在(將來或過去)某一時候
stuff, [stʌf] n.物品，東東【口】
stuff, [stʌf] n.填充物 vt.裝；填；塞
territory, [ˋtɛrə͵torɪ] n.領土，版圖；領域，範圍
style, [staɪl] n.風格，作風；種類，型
text, [tɛkst] n.正文，本文
substance, [ˋsʌbstəns] n.物質[C]
thankful, [ˋθæŋkfəl] a.感謝的，感激的
suburb, [ˋsʌbɝb] n.郊區
theory, [ˋθiərɪ] n.理論；學理
suck, [sʌk] vt.吸，吮 vi.吸，吮 【俚】爛；令人討厭
thirst, [θɝst] n.渴，口渴；渴望
thread, [θrɛd] n.線
suffer, [ˋsʌfɚ] vt.遭受 vi.受苦；患病
threat, [θrɛt] n.威脅，恐嚇
sufficient, [səˋfɪʃənt] a.足夠的，充分的
threaten, [ˋθrɛtn] vt.vi.威脅，恐嚇
suggest, [səˋdʒɛst] vt.建議；暗示
tickle, [ˋtɪk!] n.vt.vi.呵…癢；使發癢
suicide, [ˋsuə͵saɪd] n.vt.vi.自殺
tide, [taɪd] n.潮汐；潮水
suitable, [ˋsutəb!] a.適當的；合適的
tidy, [ˋtaɪdɪ] a.整潔的，整齊的
sum, [sʌm] n.總數，總和；概要 vt.合計；總結
tight, [taɪt] a.緊的，緊身的；緊湊的；密封的
summary, [ˋsʌmərɪ] n.總結，摘要
tighten, [ˋtaɪtn] vt.vi.(使)變緊，(使)繃緊
summit, [ˋsʌmɪt] n.(山等)尖峰，峰頂
timber, [ˋtɪmbɚ] n.木材，木料
superior, [səˋpɪrɪɚ] a.較高的，上級的；較好的，優秀的
tissue, [ˋtɪʃʊ] n.面紙；衛生紙；(動植物的)組織
tobacco, [təˋbæko] n.菸草；煙葉
suppose, [səˋpoz] vt.vi.猜想，以為；假定
ton, [tʌn] n.噸；公噸；【口】大量，許多
surround, [səˋraʊnd] vt.圍繞；包圍
tortoise, [ˋtɔrtəs] n.陸龜；烏龜
survey, [sɚˋve] n.vt.vi.測量，勘測；調查
toss, [tɔs] n.vt.vi.拋，扔，投
survival, [sɚˋvaɪv!] n.倖存[U]
tourism, [ˋtʊrɪzəm] n.旅遊(業)，觀光(業)
survivor, [sɚˋvaɪvɚ] n.倖存者，生還者[C]
tourist, [ˋtʊrɪst] n.旅遊者，觀光者
suspect, [səˋspɛkt] vt.懷疑 [ˋsʌspɛkt] n.嫌疑犯
tow, [to] vt.n.拖，拉；牽引
trace, [tres] n.痕跡；遺跡 vt.跟蹤；追溯
suspicion, [səˋspɪʃən] n.懷疑，疑心
trader, [ˋtredɚ] n.商人；交易人
swear, [swɛr] vt.vi.發誓；罵髒話
trail, [trel] n.痕跡；蹤跡；小道 vt.vi.拖，曳；跟蹤；落後於…
sweat, [swɛt] n.汗，汗水[U] vi.出汗
swell, [swɛl] vt.vi.腫起，腫脹
transport, [ˋtræns͵pɔrt] n.運輸；交通工具
swift, [swɪft] a.快速的，快捷的
trash, [træ ʃ] n.廢物，垃圾
switch, [swɪtʃ] n.開關；調換，交換 vt.打開(或關掉)…的開關
traveler, [ˋtrævlɚ] n.旅行者，旅客
tray, [tre] n.托盤
sword, [sord] n.劍，刀
tremble, [ˋtrɛmb!] vi.n.發抖；震顫
system, [ˋsɪstəm] n.系統；制度[C]
trend, [trɛnd] n.趨勢；時尚
tablet, [ˋtæblɪt] n.刻寫板；匾；碑
tribe, [traɪb] n.部落；種族
tack, [tæ k] n.大頭釘；圖釘[C]
tricky, [ˋtrɪkɪ] a.狡猾的；微妙的；難處理的
tag, [tæ g] n.標籤，貨籤 vt.給…加標籤
troop, [trup] n.軍隊，部隊
tailor, [ˋtelɚ] n.裁縫師 vt.裁製(衣服，衣料等)
tropical, [ˋtrɑpɪk!] a.熱帶的
tame, [tem] a.馴服的；溫順的
trunk, [trʌŋk] n.樹幹；車尾的行李箱；象鼻
tap, [tæ p] n.龍頭；塞子
truthful, [ˋtruθfəl] a.誠實的；講真話的
tap, [tæ p] n.vt.vi.輕拍，輕叩
tub, [tʌb] n.桶，木盆；【口】浴缸
tax, [tæ ks] n.稅；稅金 vt.向…課稅
tug, [tʌg n.vt.vi.用力拉(或拖)
tease, [tiz] vt.vi.n.戲弄，逗弄
tulip, [ˋtjuləp] n.鬱金香
technical, [ˋtɛknɪk!] a.技術的；科技的
tumble, [ˋtʌmb!] vi.vt.n.(使)跌倒；(使)滾下；倒塌
technique, [tɛkˋnik] n.技巧；技術
tune, [tjun] n.曲調；歌曲；協調，一致 vt.vi.為…調音；調整…的頻率(道)
technology, [tɛkˋnɑlədʒɪ] n.技術；科技
temper, [ˋtɛmpɚ] n.性情，脾氣
tutor, [ˋtjutɚ] n.家庭教師 vt.當…的家教
temperature, [ˋtɛmprətʃɚ] n.溫度，氣溫；體溫
twig, [twɪg] n.細枝，嫩枝
temporary, [ˋtɛmpə͵rɛrɪ] a.臨時的；暫時的
twin, [twɪn] n.雙胞胎之一
tend, [tɛnd] vt.照管，照料 vi.服侍 【口】注意，關心[(+to)]
twist, [twɪst] n.vt.扭轉；扭彎
typewriter, [ˋtaɪp͵raɪtɚ] n.打字機
tend, [tɛnd] vi.傾向；易於[+to-V]
typical, [ˋtɪpɪk!] a.典型的，有代表性的
tender, [ˋtɛndɚ] a.嫩的；柔軟的；溫柔的
union, [ˋjunjən] n.結合；合併；工會；聯合會
wink, [wɪŋk] n.vt.vi.眨眼
unite, [juˋnaɪt] vt.vi.(使)聯合；統一；(使)團結
wipe, [waɪp] vt.vi.n.擦；揩
unity, [ˋjunətɪ] n.單一(性)；團結；聯合；統一(性)；一致(性)
wisdom, [ˋwɪzdəm] n.智慧，才智
wrap, [ræ p] vt.vi.包，裹 n.包裹物，覆蓋物
universe, [ˋjunə͵vɝs] n.宇宙
wrist, [rɪst] n.手腕；腕關節
unless, [ʌnˋlɛs] conj.除非
X-ray, [re] n.X 光 (x-ray)
upset, [ʌpˋsɛt] vt.弄翻；使心煩意亂 a.翻倒的；心煩的，苦惱的
yawn, [jɔn] n.vi.呵欠
yell, [jɛl] n.vt.vi.叫喊；吼叫
vacant, [ˋvekənt] a.空的；空白的；(職位)空缺的
yolk, [jok] n.蛋黃
valuable, [ˋvæljʊəb!] a.值錢的，貴重的 n.貴重物品
youngster, [ˋjʌŋstɚ] n.小孩；年輕人
zipper, [ˋzɪpɚ] n.拉鍊 vi.vt.拉上拉鍊
van, [væ n] n.箱形客貨兩用車
zone, [zon] n.地帶；地區
vanish, [ˋvænɪʃ] vi.消失
variety, [vəˋraɪətɪ] n.多樣化，變化；種類
various, [ˋvɛrɪəs] a.不同的；各種各樣的
vary, [ˋvɛrɪ] vt.vi.使不同；變更；修改
vase, [ves] n.花瓶
vehicle, [ˋviɪk!] n.運載工具；車輛
verse, [vɝs] n.詩；韻文[U]
vest, [vɛst] n.背心；馬甲
vice-president, [ˋvaɪs͵prɛzədənt] n.副總統(裁)
victim, [ˋvɪktɪm] n.犧牲者，遇難者；受害者
violence, [ˋvaɪələns] n.暴力，暴力行為；激烈
violent, [ˋvaɪələnt] a.激烈的；暴力的；狂暴的
violet, [ˋvaɪəlɪt] a.紫蘿蘭
visible, [ˋvɪzəb!] a.可看見的
vision, [ˋvɪʒən] n.視力；視覺；洞察力，眼光
vitamin, [ˋvaɪtəmɪn] n.維他命，維生素
vivid, [ˋvɪvɪd] a.鮮豔的；生動的；逼真的
volume, [ˋvɑljəm] n.卷，冊；體積；容積；音量
wag, [wæ g] vt.vi.n.搖，搖擺，搖動
wage, [wedʒ] n.薪水；報酬
wagon, [ˋwægən] n.(四輪)運貨馬車；旅行車
waken, [ˋwekn] vi.醒來；睡醒 vt.喚醒
wander, [ˋwɑndɚ] vi.vt.n.漫遊；閒逛
warmth, [wɔrmθ] n.溫暖；熱情；熱烈
warn, [wɔrn] vt.vi.警告；告誡
wax, [wæ ks] n.蠟；耳垢
weaken, [ˋwikən] vt.vi.削弱，減弱； 變弱
wealth, [wɛlθ] n.財富；財產
wealthy, [ˋwɛlθɪ] a.富有的，有錢的
weave, [wiv] vt.vi.織；編，
web, [wɛb] n.蜘蛛網；網狀物
weed, [wid] n.雜草；野草
weep, [wip] n.vt.vi.哭泣，流淚
wheat, [hwit] n.小麥[U]
whip, [hwɪp] n.vt.vi.鞭笞，抽打
whistle, [ˋhwɪs!] n.口哨；警笛 vt.vi.吹口哨；鳴笛
wicked, [ˋwɪkɪd] a.壞的；邪惡的
willow, [ˋwɪlo] n.柳，柳樹